customer_id,age,gender,signup_date,region,churn
331678f8-4dd0-4913-827a-dbfb06f804b4,58,Male,2024-04-28,North,1
19a54de6-42fd-4b81-9794-086a1cfeabf5,33,Male,2022-04-19,South,0
3d1865a9-43c1-459c-a53e-f2d22a827e58,61,Male,2022-04-07,West,0
2a3562f6-4f79-4256-be7f-234b8439ece4,19,Male,2022-04-27,South,0
36375e24-4b0c-4767-bc32-f3378a62852d,50,Male,2021-07-21,South,1
ef9112ab-cdc6-4eeb-9c74-55b08d1f645f,32,Female,2024-04-19,East,0
d3ed127a-a324-4fcf-8e29-88b8457eb2d4,66,Male,2024-01-09,West,1
b8216879-856b-40e3-b948-0af7204ddb58,35,Male,2022-01-02,South,1
61d22bd7-d74e-4883-b858-ea6b2efb7379,24,Male,2024-03-20,West,0
b3bbf6c0-1a50-430b-9586-70e7b34b6d32,40,Female,2022-12-23,East,0
87c4fec6-a88b-4585-8cd2-1db549664ba3,64,Female,2023-02-11,North,1
b91c5da8-f655-4005-ad9f-c6bd106c9e42,23,Female,2021-11-20,East,0
5b1a8295-9e43-45db-a967-78f8bca2543a,63,Male,2022-04-25,North,0
7189c045-68bc-4c16-8a1f-7d1ef349fe10,67,Female,2024-01-23,North,0
266ebe55-8783-4dc1-959b-45cf84488fcc,73,Male,2024-03-18,West,1
111e6834-0783-4e8b-8efc-705d5215467e,47,Female,2023-04-16,South,1
69f13072-65dd-49eb-b63a-24a6bf95331b,40,Male,2022-10-30,East,0
5a8cba80-1e47-48e3-a18c-5a676ef6ec92,56,Male,2023-03-18,South,0
3e57e324-20ac-431d-be4f-24c2207061c9,47,Female,2023-12-09,East,0
16f5c17c-48d7-4548-84c8-fe1582bc01d2,61,Female,2022-08-25,North,0
f491f67d-cf37-4f5b-bddf-f9971a7eefea,70,Male,2023-03-12,East,1
47727f7c-b367-4823-95bf-2def8ae0d1ad,35,Male,2022-01-07,South,1
0906e30d-a6d9-44f2-8a46-a506ec16643a,31,Female,2022-02-24,West,1
b3c814b6-1c37-49cc-b971-2440af1f1bf3,27,Female,2021-10-23,South,0
4a93033c-d4cc-4db7-acf9-8ba6fcc176f8,65,Female,2022-07-24,West,1
ffb0b960-70b4-454b-9048-0a91532ea8da,41,Male,2023-12-09,South,1
8c4546ff-22d4-462a-824a-b2f29245aeb1,23,Male,2023-06-23,North,0
ce6fa90e-54eb-4f2b-be79-bf743b0df985,58,Male,2022-09-24,West,0
8ab4b73a-03c8-4f75-bc58-77aad2d19804,42,Female,2024-05-20,West,1
72f2f5e1-a83c-486e-8ef5-29ae5c43a281,80,Male,2023-08-14,North,1
82a45606-4841-45d3-b790-43f4588aa217,67,Female,2021-08-11,North,1
bb4bf26a-1cf4-4a93-9f12-f66334db101d,45,Male,2023-08-13,West,0
b6428b32-7199-4d8b-9c6d-8fa626a51125,79,Female,2022-04-22,South,0
749d35d2-ff63-4708-8ce8-a756becb90d9,73,Female,2024-01-07,South,0
c1be4bd2-9623-4688-9fe8-c584f9b53fe2,41,Male,2021-10-22,North,1
62115aa5-7304-43ab-ab3b-6e8f70825414,49,Male,2022-06-26,North,1
492cb140-3b3b-4c65-ba2c-3be5108c29af,74,Female,2022-02-08,South,0
fbc8fa90-f59b-4072-b2ad-39fdd8c2420f,33,Male,2022-12-13,North,1
408fbfba-5e93-441c-8bfa-7d7fe1e21df7,70,Male,2023-11-21,South,0
1fa137b3-70b0-4094-a25b-0cc1d0dd7f1a,60,Female,2023-01-28,South,1
4be4a567-10b7-4741-9f7a-d98d97b28f91,51,Female,2021-09-14,South,0
391878dc-b1da-4adb-bbba-f9394936b340,63,Female,2022-09-16,West,1
5634dc93-2cb0-493a-b93b-d3a0cdad2638,46,Female,2024-05-21,North,0
974d3a61-6dcb-4459-9ad0-572d22448b48,32,Male,2022-08-15,East,0
924ecbdc-ce4d-4cb3-a215-b176957e14a1,55,Male,2022-04-16,South,0
fb81e62e-bbeb-452f-8ce8-07c1469d900b,22,Male,2022-04-13,South,0
84934c70-d378-4e72-99b7-cd35c9d408de,75,Male,2023-12-16,East,0
fa210674-d21f-43bd-949c-a4e8e43dcb67,50,Male,2022-04-24,East,1
fdacc319-e8a6-474c-b624-27df2047a2ab,31,Male,2022-11-08,West,0
82ddf876-d90a-47a8-abb4-d13700340d73,68,Female,2022-10-07,West,0
9fffd720-6f7e-466c-b0ff-f78feecebc05,24,Male,2023-11-12,West,1
d92ffebf-abba-409e-8968-077185149d90,45,Female,2024-05-17,West,0
c49a0e4e-c884-48eb-9b71-be3d17cae825,61,Male,2023-01-23,North,1
0b49761a-6090-4333-87fc-e73c183f7ebe,64,Female,2023-03-19,North,0
b8e6855c-376b-49ab-94eb-4cb293d21606,30,Male,2021-11-04,West,0
8b5a2116-180a-44dc-813a-942e61f7e043,45,Male,2021-07-14,East,1
d983f1be-6603-4c44-ab65-d32a7841e152,33,Male,2022-06-04,West,0
81eb113b-1772-4378-b8ac-a011c9d271c1,21,Male,2023-05-30,North,0
49f385e3-404c-420c-91de-f7c244105f7b,28,Female,2023-07-18,West,1
0745f5b2-5f2b-408c-b5a5-09383dfa2c2c,31,Female,2021-08-22,North,0
42eecc47-2ba4-4d71-94ce-472b71eafc03,42,Male,2023-03-15,West,1
e891d196-ef73-4e4a-8b9c-08435fc4cd16,77,Female,2023-04-28,East,1
5123a1bb-f112-4313-9d4d-362167152781,62,Female,2022-05-23,South,0
9492083d-8433-4bac-a8bd-3633437b4434,36,Male,2023-03-15,North,0
9dfd96b6-1597-4276-b411-5f30f04ab10b,65,Female,2024-02-12,North,0
77ddbd88-16f2-4759-a54b-cf8394161767,55,Female,2023-11-23,South,0
1720f051-5b1e-4bae-9dc7-0f88fc32a773,79,Male,2022-03-19,South,0
26051760-8ed4-46b2-a1df-9262c046a967,56,Male,2023-02-28,South,1
1060d37f-c2f5-4587-bcf6-5c084e999167,25,Male,2024-03-15,North,0
3f3d30da-ecc0-4edd-99c8-6c91db9a3cfd,44,Female,2022-02-14,East,0
2ac7a9e4-9687-4c41-b0cb-bd7c5a39cf46,60,Female,2021-08-29,South,1
9c3fa62b-9e3a-4afc-96c4-a10d823eaa4c,43,Male,2022-09-10,East,1
71b52371-b7eb-46eb-8b9d-d78053fff6af,38,Male,2024-03-22,North,1
14e39360-c799-4dfc-9e84-52d304d62592,57,Male,2023-04-22,North,0
6c3218ed-bac3-409b-9c1a-5b6a963ba290,50,Female,2021-08-27,South,1
eb710468-2801-4bac-a600-619acf51fe21,74,Male,2023-10-22,South,1
72b244df-b644-4224-a6b8-692ed513c72b,36,Male,2022-06-14,West,1
387e2c9c-f92f-45d0-8f22-93fbe4861e80,57,Male,2021-06-22,East,0
f32d7168-1226-4e63-9c15-b73d2579228e,78,Male,2023-09-02,East,0
e2af7dea-b67b-4d27-86f2-c90a69477e7a,74,Male,2021-12-27,South,1
112ef237-446a-4c9a-adba-51650d633100,36,Male,2023-06-10,East,0
05c7471c-ee04-41c5-bb85-849e495346df,61,Female,2023-07-06,West,1
db0ab8b0-1f34-4c40-aa51-998e19a381e0,75,Male,2024-03-13,North,1
9d101a37-ae8f-490a-a9c3-46612058adb2,71,Female,2022-05-05,North,0
3846eaa3-d002-4981-adc2-dbf4c06b0dca,39,Male,2023-11-10,East,0
b4a91e98-25f7-4dbe-ad4c-e2431d9f63b9,65,Female,2021-08-23,West,0
9b6f52a7-f229-4f72-8a27-5a925b7a9131,25,Male,2023-06-18,South,0
d646a09d-b473-4a3d-bb24-ae60d8e54c4f,71,Female,2023-01-18,South,1
16bf089e-4f1e-47e7-a639-d832a4ece00b,26,Male,2024-04-23,East,1
30acabf8-b306-4791-b38d-1a1df7b29b85,75,Male,2022-06-06,East,0
b057dc2f-dc78-498f-a4fb-15d381642f03,61,Male,2023-05-13,North,1
c83c4dde-7b25-4e91-959a-34e98cba7ce3,67,Female,2023-07-30,South,0
47a3a02a-7e78-4986-af2e-f6d50cac4d7a,73,Male,2021-09-09,South,1
1b62fbc5-29ea-410a-acd7-acb55e1a7e68,19,Male,2021-12-27,East,1
08ae69a5-6037-41bf-93a1-ab34e9bef072,69,Male,2021-10-04,East,0
40241e9c-cf7b-4d28-9c0f-7ecd05a22c0b,68,Male,2021-10-30,West,0
473f8061-a85b-4937-a711-7dca187f7824,72,Female,2021-12-14,South,0
18d48c0e-2896-4c43-8837-1a98ae0cb6f0,70,Female,2023-05-02,East,1
234d7057-bbd3-4f82-9cb1-ff455d7b796b,70,Male,2022-07-07,South,0
5d007243-13e5-4cce-a73e-84b6cce58b8b,60,Male,2021-09-15,West,1
92a92f45-71fc-428d-83ee-020543735923,35,Male,2021-12-29,East,1
c0ffcc68-a268-4bc8-b79e-8000f4a84e54,59,Female,2023-05-09,East,0
a39eda58-29de-4e07-b5f6-13e08b9395da,25,Female,2023-08-10,South,1
8aa620c4-92f7-4fc9-8152-2b8fe9bca784,20,Male,2022-03-19,West,1
a0d8f832-e3d9-4130-9a43-2693ff5c2d9d,64,Female,2023-03-24,West,0
a07774e0-6674-4301-ad6f-eed2f75f4713,42,Male,2022-11-10,East,0
485efb7d-2a4b-4338-83ac-6b082945b0d9,63,Female,2023-02-01,North,0
c7cfc302-5b1d-40a7-a31e-0e6638426326,41,Female,2022-12-19,North,1
dd69a8ae-2542-4dd8-9118-beb96616bcdd,57,Female,2024-01-19,North,1
f2971a8d-4415-4b80-be3b-d969daddd1b4,50,Female,2022-03-23,West,1
2a895d82-9d1c-47cf-92fc-6f2acceece71,43,Female,2022-05-22,South,0
124f2b27-3473-4334-9a44-ba4bde392ec2,44,Female,2022-12-12,South,1
8b05bb0c-da15-4113-b3af-9694f7102a24,43,Male,2022-08-15,East,1
2b2fd67f-0e9c-4831-950a-ff704b9da1ff,31,Female,2021-12-14,East,1
3091d282-cdea-41d0-813e-62642c379448,46,Female,2021-12-15,South,1
12ca7af5-e9af-4c3f-adb6-cdb361a53312,68,Male,2022-04-21,North,1
4852e80b-8cad-4bff-bd85-96caba417abb,50,Female,2022-02-08,North,0
2f2dbd82-a2ad-41c3-831f-3efe65074ac1,61,Female,2021-09-18,South,0
4eb095b7-f3ec-4449-9d32-f50e005c71ab,27,Male,2022-10-01,North,0
dc50b29d-eab4-4451-ae98-7491ea12f07a,80,Female,2023-05-13,North,1
f3522843-8e6f-4f38-a8ce-c80851947be5,44,Male,2024-04-28,West,1
280144d9-86a7-4631-8cf0-b9b4977cccbc,43,Male,2023-10-08,South,0
4ed1bcdc-33b8-4eca-857b-1676b6bb08db,75,Male,2023-01-19,West,0
8d124593-5315-48ee-9bb1-4aa21a88542d,29,Female,2021-07-03,North,0
002e7c94-ad58-4316-b268-9c12199e0b01,76,Male,2023-03-06,West,0
4724dce1-56ca-4bce-89c7-3bf03aaef3af,69,Female,2022-02-09,East,1
dac34ad4-b056-40c8-9973-a7cc41955668,57,Female,2023-01-25,West,0
6d22f59e-1762-4a0d-be7b-8aa1fbd4a5c5,65,Female,2024-01-08,West,1
715497b9-b6cb-420f-8965-a9fa853eef4e,66,Male,2022-09-23,East,1
0c6d654b-5c5a-4202-bd08-72e84eb9a0d0,58,Male,2022-03-02,East,1
8216cd78-a684-4be2-8657-5a1c7ec2d845,22,Female,2024-03-04,South,1
50d19f66-ac17-4fac-9d8a-9cb004c7a97c,39,Female,2023-08-05,North,0
8ff822ad-5223-4098-b741-63095e7cad0a,27,Male,2021-10-31,West,0
59314495-d62f-4e1c-9e24-cd16ae5336aa,63,Male,2023-12-17,North,1
d68d04d2-f3d8-4f16-9334-a98659955168,44,Female,2022-07-02,West,1
298430fd-898b-4629-b97d-bcc15bb428d1,21,Male,2021-10-25,West,1
26bbba05-c8e6-4b18-b9db-602b4d952fa4,75,Male,2023-08-11,West,1
341e2234-6f3c-429b-aa7e-8813846e4e27,18,Female,2023-08-12,East,1
c2fcabfe-0fd0-4f78-9045-35590baedeeb,72,Female,2022-07-13,South,1
e3b9f81e-225d-4987-a0d6-654d63c120b4,32,Female,2022-12-02,West,1
5cf28c02-40cf-4294-a8e4-62d3dbb3cfc5,19,Female,2024-04-20,East,1
c8ede71c-4c96-4de4-98b3-399168d69279,64,Male,2022-03-11,West,0
a1901663-eb19-421b-b9fd-b76f7beafcbb,80,Male,2023-08-09,West,0
29505ed6-44cc-404b-8030-e63541ad1c32,23,Female,2023-07-07,South,1
d05978ae-82c3-42bb-bc2b-f715b4630558,29,Male,2022-04-28,East,1
581d0fd5-8f92-4eb0-9fac-ae95576cfc51,38,Male,2024-03-03,West,1
f6776529-f34c-47fe-bbe4-7fedfd1cb62a,39,Female,2023-11-13,East,1
c07334fb-32f0-4fa4-a0d2-7fae9360364c,34,Male,2022-03-22,West,0
be225343-a41e-48bc-a15f-8bd9ded3e528,65,Male,2021-10-25,East,0
dd80d429-75cc-415d-aafd-a8b6b554c5d0,59,Male,2022-09-03,North,0
7e8174df-be08-4b2c-932c-6cbc6871a82f,78,Male,2023-05-08,South,0
27a48317-328a-41dd-ad37-eb6442dc2e21,57,Male,2022-04-11,South,0
cd599a4b-47a3-414a-bb9b-b46a65a5d41d,48,Male,2023-06-19,South,1
75be5157-9944-461d-8d9e-0b8c86575a64,62,Female,2023-10-29,East,0
d3d353a4-54f1-4986-937a-2babc018d12c,56,Male,2023-05-24,South,1
378bcb55-3e87-4d93-a574-d933246d05e8,24,Male,2023-12-08,East,1
1b3b4b51-444d-4df6-abc4-e06c16fb145b,43,Male,2021-11-20,North,0
80e8ca92-27b0-4604-84d0-8de4105d7596,24,Female,2024-02-16,North,0
aaa024f1-1ab0-42f3-8bd3-2c288d5c5c5c,40,Female,2021-10-30,East,0
be6aafc3-0435-4a79-85dc-868b60b68b48,50,Female,2022-03-18,North,1
d7469745-dee3-428d-aec8-54900ce9b408,70,Female,2021-11-23,North,1
dbb8c692-991b-4496-9e40-1dc43903b576,79,Female,2023-01-08,West,0
41a9e79a-d774-407e-8244-821ae314d220,45,Male,2022-01-20,East,1
a9c3b94b-e5cd-427f-9fbd-b080f85b760b,47,Female,2021-10-18,East,1
9913075a-36c7-4c17-8a93-adf8a68cbb26,72,Male,2023-12-22,North,1
820dbe39-2602-41d8-86c5-91df6b7add6d,74,Female,2022-11-26,South,1
91a2eeda-8ae5-421f-a739-e35f07f0480b,54,Female,2022-03-27,East,0
b3f80da7-ab2e-4ee2-a5d5-8e978b2d2a51,49,Female,2022-07-17,South,1
5679adca-ca6c-4d6d-9553-01bcc7c7ac62,31,Female,2022-11-07,East,1
8f136bfa-2954-40d1-a2e7-3126058c08ae,35,Female,2023-01-04,North,0
771487a4-b9de-4433-9893-77d0d1b27009,23,Male,2024-01-15,West,1
20503474-6756-4d5e-8bb2-b4b8deee7d7e,53,Male,2021-10-22,West,1
4fa04bae-1944-448d-85b1-7e9bcb2f112f,46,Male,2021-12-23,North,1
0d44eb96-ace6-4107-be1a-0d072ff6557c,32,Female,2022-08-17,South,1
0c3012fd-febd-47ec-b1b7-37c14b52df52,60,Female,2021-09-02,West,1
10d0da4a-d1f6-4bc7-9ee1-ca96f00db158,45,Female,2022-03-17,East,1
c8849c6b-fb1a-4a6f-86cd-bd0a65ee1723,35,Female,2022-12-11,East,0
c7f1aece-60dd-4f33-92f1-973665ac1339,25,Male,2023-04-08,East,0
53af24eb-9a33-4f89-9926-d40e47b72e2f,65,Male,2023-12-05,South,0
3a9cf141-f292-4048-ae69-a53fddd04600,65,Female,2023-11-28,East,1
e80a03f7-47e5-4c88-9695-d3099858889a,80,Male,2021-12-01,South,1
6c51f6ff-788f-4ec3-8e2a-1e851912ca2f,32,Female,2022-11-09,South,1
f2c7528f-1a4d-4010-a64b-a5b9e2f126a2,18,Male,2023-11-27,East,0
6b56328f-e384-487f-bd21-c3f028806ede,80,Male,2022-04-17,East,0
8c8b3ce8-fac3-4e2d-9dac-ac088e53e281,58,Female,2023-11-30,North,0
a6432004-bacc-4999-b5b1-219ff86b84bc,54,Female,2022-07-14,West,1
919a3ece-1edd-4121-a015-cee451e27097,46,Female,2024-05-27,South,0
32c7f3ac-0dec-4eca-a42c-fdcd47c86ffc,34,Female,2023-03-12,North,0
8d765ff0-e2ae-4253-b28c-9819180662eb,43,Female,2022-02-09,North,0
b023789b-6d62-4922-8861-dc0edfb2de91,27,Male,2022-09-12,East,0
cceaa8b2-308d-4b7b-b69b-28dd830ac3e5,33,Male,2024-06-04,West,0
495a5584-3696-4dd9-93a8-e25675d4c648,67,Female,2023-12-14,West,1
7b717aff-621f-43ff-981e-7d811d1d7973,37,Female,2023-10-02,East,0
ff1bac52-2ba0-46fb-8aed-24451fc2ae47,57,Male,2023-03-14,South,0
e09b11df-cc50-4419-a0d8-13cced5acc2f,34,Male,2023-09-25,South,0
d9a96f97-b0ee-4412-9848-86dbf21740dd,29,Male,2023-05-18,South,0
c76eae74-d937-453b-b56b-ab2d183a811a,44,Female,2022-04-03,West,1
18cfd4a8-64ea-43be-9123-2636f95d1ce7,20,Male,2024-06-10,East,1
7199056f-7338-48a3-9efd-f795a1333ad7,62,Female,2023-02-27,North,0
d114dd4c-b98b-4d9a-956a-d91e23f6c06b,77,Female,2022-09-18,South,1
90301add-6e0d-4d7a-a34f-cae788bb03fc,25,Male,2023-07-12,South,1
f83e0be3-b1e7-4d3d-9571-087d00eddfa2,70,Male,2022-08-19,North,0
1c117dc0-61af-4207-b79d-d7a06a00284c,28,Female,2023-03-16,East,1
fe559b48-fa7e-4d57-af56-ae7762a626ad,25,Female,2023-12-10,East,1
bdb217b8-f71c-4fc4-b3f5-9a464f5968c3,78,Female,2022-01-04,West,1
474323a6-3236-4b3f-b224-0d34151203ed,23,Male,2022-02-14,West,1
09ebd1b7-ac8a-43fd-a95b-d710f9d52383,56,Female,2021-12-24,North,0
b0d2a6c8-c5d1-4117-bcb0-0b3aa0a36867,32,Male,2024-05-29,East,0
96f36a94-e141-49b6-8e61-d03d55d8cdb5,66,Male,2022-01-29,West,1
cdb26942-84d0-4acb-99f1-e5d7513aa66f,76,Female,2024-04-20,South,1
9e6d1cd2-028d-4e39-825a-e0d9815d821d,58,Female,2022-01-24,North,1
ea96b277-5ff5-41fa-a3e3-5b758bda8497,40,Female,2022-06-09,East,1
3a22f69c-7cfb-44a6-bf1b-bbcc74c2e1fb,60,Male,2024-01-12,South,1
8b6d42fb-d702-4fa7-83d1-cbc2e2cdc6ad,44,Female,2024-05-06,East,1
675cd269-f9fa-4cad-8a74-f32e97bf3401,70,Male,2021-06-23,West,0
01d93000-5eaf-498d-8c8c-9c64556b732d,38,Female,2023-05-27,East,0
2bec864c-d918-40fb-b860-07a195abfee1,80,Female,2024-03-12,North,1
b4c624a3-b134-4942-a4aa-549e34c54600,44,Male,2024-04-10,South,1
6b68b9ca-3178-4aae-b355-7151f7ce7236,57,Female,2021-09-19,West,0
297d89d6-c98d-4a89-9600-1a7379a43581,31,Female,2023-10-31,South,1
0bf8f2b8-125c-46dd-91db-22d0c91f758a,46,Female,2022-11-26,North,0
eb4cf7d6-118d-4d04-aefa-29270baf5d75,80,Male,2024-02-28,South,1
e6ecb021-d494-4a4d-8a84-9864e5c2e711,53,Male,2021-12-20,West,0
412afe76-edca-4dd4-a978-adf178db2320,32,Male,2021-11-30,West,0
0ca67859-9b4b-4938-84b7-f529e703a54d,59,Male,2022-11-16,West,1
034bf8a0-1ffd-410b-ad07-19c487350808,50,Female,2022-06-01,West,1
72c5ef65-c3e5-4162-a56c-9c6ec4d0a47f,80,Female,2021-09-15,South,1
a003a60e-712a-4ba7-9958-aa8704b82730,53,Male,2021-12-13,West,0
e09205cc-b53c-4ad3-aac9-7cf7b5ff0f7b,76,Male,2023-12-20,North,1
f7227e4d-864d-48a5-8105-b2789e2513c9,67,Female,2023-09-27,East,1
fa5dcfa5-4f2d-4e0b-ad83-39b7c0bdf65b,70,Male,2024-04-22,East,1
1bfe049e-a4ca-41cf-8753-2b99d249043f,71,Female,2024-03-23,South,1
ab9445c1-d8e5-4329-bbb8-d185028caebe,52,Female,2023-10-25,East,1
d3cb70df-487c-45e5-a4b1-3331953b0b3d,53,Female,2021-07-12,West,1
6a8c84b0-5f25-4a94-82bf-0c737caa29fa,73,Male,2022-03-21,South,1
d9007af5-7ffb-4baa-baf2-5390375a3f91,32,Female,2022-06-03,North,1
91e52877-1b82-4f68-9752-5c72630be9fa,65,Female,2023-05-13,West,1
5afe75f1-da5a-4d82-b8e9-e896fd677184,60,Male,2023-01-15,West,0
13a6a255-cb5b-45fe-b8d5-2b01e02121cb,26,Female,2023-09-01,North,1
6871c262-425c-4876-bb00-eec9515f2082,24,Female,2024-02-27,North,0
5f48a9d4-84e3-4d62-bf5d-084e022cb223,44,Male,2021-10-26,North,1
ac8be88e-f7ae-4a79-a098-1e2d7f2cff0f,68,Female,2023-03-09,East,1
8fef47e4-d8b9-4262-85e4-7122a2162cfe,59,Male,2023-10-05,East,1
f003b5cc-7f56-415d-a10c-1ee1f063b5ab,79,Female,2023-06-30,West,0
7899c96e-fa05-4c8b-8a05-6b58885a0133,57,Male,2022-09-22,South,1
3daeb05e-796f-4add-b1c3-ea02bfa41b72,32,Male,2023-01-23,West,0
bfc33801-9b47-4d13-bc92-187375a0b245,66,Male,2023-05-28,West,0
61608d4a-d2fa-45a2-9e45-9de2f0f13340,62,Female,2022-11-23,North,0
45ab1d79-d462-4525-bef0-7dbc30beb7aa,38,Male,2023-10-15,East,1
81aa16c6-9b00-49c2-b4c0-42b811a46a28,41,Female,2022-02-17,South,0
982883dd-b42f-48d0-8fa6-a8e36a9a99b0,51,Female,2022-06-18,South,0
97bd14f0-3b5b-4b60-95cf-68ca34f8f942,29,Male,2022-03-12,West,0
aea732aa-f875-4ae7-a0a2-8516a59e1222,49,Male,2024-02-13,South,1
a931010f-5efd-474a-b9b6-ed8d3de97bef,58,Female,2022-08-06,West,1
aa602a46-26a9-4b22-9341-b78dabd9ab15,60,Male,2024-02-28,West,1
aa118494-4f47-430d-8727-c27ba113cd8a,61,Male,2021-07-13,North,1
86a7321a-41eb-4940-b2d7-e82fe98d95e4,78,Female,2023-03-26,East,1
f3674093-a407-4431-8ef8-4b0adcf8e598,62,Female,2022-08-25,West,1
52a3b635-4d72-4404-976b-d4909d61ead1,30,Female,2021-08-30,West,0
9f5fd3d4-61e8-48ee-b458-1932a9d4406b,33,Female,2021-07-11,East,1
e2c563b7-237c-4aac-a5be-9ec3689d8a3f,62,Female,2023-05-13,North,1
ce08fc25-df85-4458-ada1-9a1103689179,35,Male,2022-01-26,North,1
41a58e88-77f3-467f-ba19-930cb0de9a39,71,Female,2023-03-08,South,1
b4c37d13-ec4b-4c89-a35e-0e99b42524be,32,Male,2023-10-02,East,0
bed08505-d120-4a0d-8232-62644614789f,58,Male,2022-03-26,North,1
14ac0495-d1f2-448a-8cfc-8cb637dcf89e,68,Female,2022-04-22,North,1
fcd42ab6-576e-41a2-a0cd-d156ed8edf11,64,Male,2022-10-06,North,1
0f1580e3-07c9-46a8-a339-758cdba90ba2,38,Female,2021-10-20,South,0
54335bc2-4b70-4386-a16a-74ed0bf5432b,26,Female,2021-10-28,East,0
ee8fef71-04c8-443e-97f1-aeb98005b9ac,34,Female,2024-02-18,East,1
a82cc30c-3466-46c5-91ab-a290c6202c15,69,Male,2024-05-04,West,0
4676cb5f-9778-40f3-838b-47dfd2f8a0c1,27,Male,2022-09-18,West,1
2b884d68-f930-4206-80df-0d34adc4eeac,23,Female,2022-01-28,North,1
4c778bfe-4023-42b2-9d6c-a2dfff84a470,52,Male,2024-01-05,West,1
dc8f4a2f-d5bc-494c-8072-6f1f734282a1,61,Female,2021-06-21,West,1
909000d2-f55b-4ed4-b289-4cab77fd2d98,24,Male,2023-05-14,West,0
5c43ca4c-6aa7-4b65-bb23-e8f5126dffb6,57,Female,2021-06-25,South,0
69150152-cf76-45bd-814a-9d76540ee0cd,58,Female,2021-07-29,East,1
9bfc650e-3082-467b-866e-e96e13d85cff,25,Male,2022-04-02,North,0
c765fd15-fb55-4080-809a-8cb55cb13c60,37,Female,2021-08-26,North,0
450fc64b-76bd-4caf-b63a-9fccb2ad61d3,33,Male,2022-09-30,West,1
229d7f92-e09e-4f4f-a66c-fda47cd33eee,41,Female,2024-03-18,South,1
53b55798-2794-4c50-bcf5-0e817a0a4d8d,59,Male,2023-10-12,West,1
5c83d801-04da-46c0-b990-00919c6d1314,78,Female,2024-03-15,North,1
282d1686-c638-4cfe-ba51-fe3debf979bd,31,Female,2021-10-31,West,0
03d3fc37-9919-406e-a25d-a93f83288aee,72,Female,2023-12-18,North,1
0d78264b-62aa-4884-9b77-e93b8e9a590c,52,Female,2022-01-06,North,1
2d2b2bbf-d638-4413-9228-ee792d5bd716,35,Male,2021-09-29,North,1
9b00d899-6cfe-46db-8dbe-6d0e21167f8d,23,Male,2022-04-07,North,0
b4ed7ba2-3a0e-4b00-a32f-3975eac65f15,68,Female,2022-03-27,South,0
4c62b5d0-bd03-4da0-a421-b30f1f6110f2,68,Male,2022-06-28,North,0
d707c317-9e1d-43c7-bd2d-325dd4a880be,55,Male,2021-07-27,South,1
e5d9226b-4b9d-4f51-88be-04e115e7b769,67,Male,2024-01-27,North,1
5f4a3fd3-dd82-4432-b3ea-95e5cfe9938e,72,Male,2022-07-03,South,1
ac3415cf-5146-4c99-8778-63578f70f194,69,Male,2023-08-29,North,0
a0b3bf98-5204-4b31-a9b6-8d29aa6ae665,26,Male,2021-10-06,East,0
ed9e6673-e2d3-4409-8001-9e64a21fde23,55,Female,2022-07-19,North,0
7ff3cfc2-3ff3-45bf-adce-c609b25beac4,34,Male,2022-12-15,South,1
a0fe2e28-50ba-4019-bc85-1020b5ad057e,51,Male,2022-02-04,North,1
047a2988-304f-4bc2-829b-da476f28658d,46,Female,2022-06-23,North,1
00704ed7-196a-4393-9ac0-65653d5bf2c5,50,Male,2022-05-19,North,1
bb9f1b27-ec7b-41f1-b2c6-9d9f4881b1a6,47,Male,2021-11-25,North,1
831700e2-3a3c-439f-8ea1-b38ce92f77bf,72,Female,2022-09-12,West,0
df917361-bed8-4504-9e2c-6983008d348c,49,Female,2023-04-17,North,0
4e4f9588-2e8a-4b3c-af74-1090eb2915da,38,Male,2021-12-18,North,0
725aee9b-ed9b-4463-9822-71a9898a5a50,35,Female,2023-01-15,West,1
836192b6-1a28-4c9d-b29a-a491c9619b74,47,Female,2021-10-30,North,0
77d4fc35-1cd6-4488-a60a-33a534dace4a,72,Male,2022-09-19,West,1
18566b14-dc08-4b7c-a0e9-65c0267b8232,74,Male,2022-04-18,West,1
a65e6946-d8b3-4211-bfbd-e540f8000184,70,Female,2021-11-16,West,1
f249d6c2-6a47-40a8-aa32-8acb1cd1deee,64,Male,2022-01-06,East,1
96550754-ae22-41f3-84b4-2236968f22dd,38,Female,2024-02-16,East,0
0ef95a3d-54f1-4def-9442-86085af2614d,61,Female,2024-02-24,North,0
7a28cd35-0f61-4888-b6ee-420dab1b973c,71,Male,2022-11-06,North,1
6ad2fa1c-13b0-44e2-88f4-4fac1990fc13,24,Female,2021-12-07,South,0
982563f9-00f3-4feb-830d-6e1ab30641ab,55,Female,2021-06-18,North,1
7f842fd7-ce36-46d9-944f-c99f028513a8,40,Female,2023-03-25,North,1
20b5db94-6be7-4c79-bbd0-aa4c5e9923b6,56,Female,2021-07-22,East,0
8596f337-120e-451c-883e-cbd6af7660e3,54,Male,2023-08-31,South,1
b1318b39-9549-4bd7-b593-78221aa5dc92,32,Male,2023-10-02,East,1
c14fd272-a1ec-4df1-b40a-3e912aa503d9,25,Female,2022-03-11,South,1
61adc966-4590-413c-b587-2b36d0925ebf,72,Male,2024-02-14,East,0
25640c38-5aaf-4de1-99cc-14adc896af1b,29,Female,2023-09-09,East,1
cc165c9c-5c79-4caa-8bd4-578122655970,40,Male,2023-10-15,South,0
af7daf19-d343-48b7-89b4-2dc35ff94d0c,54,Female,2024-01-12,North,0
2c9e2f07-8638-4f33-b895-9f6b03a05747,65,Male,2023-09-08,North,0
2c4e8739-6792-4d0f-9482-81475675d4c9,42,Female,2023-04-06,West,1
33498584-46de-451c-8112-0527a2293c85,28,Female,2022-08-01,East,1
5b125b68-207a-4d70-98b7-4cc5934a021d,67,Male,2024-02-16,North,0
fdfe3f97-ec73-4027-bc85-4800ce58ac89,28,Male,2022-02-14,North,1
fa5e237f-bc17-4fe0-b7af-86b35a3bd30d,46,Female,2022-09-26,West,1
31d3dda9-9f92-4c5f-8c64-4a59275c14d5,44,Female,2023-05-25,South,0
423b2f13-d1f4-474b-930c-9b5a4e680052,40,Female,2022-11-06,North,1
1e0fd867-3f33-4b5b-b4bb-3593a4081f15,61,Female,2023-03-06,East,0
8550d0b7-2969-4333-adf0-44ac36017cc3,32,Female,2023-06-21,North,0
fbaa3692-80bb-4993-a283-944d3f9e0e66,31,Female,2023-02-16,South,0
94147ae1-ac5b-4e07-8681-8a11f50865cf,66,Female,2022-03-08,East,1
ef24c535-7b9c-42d0-8d74-16149dd209af,25,Male,2023-09-13,West,1
143cc101-46fe-4e43-9d8a-78a565b19a8f,29,Male,2022-10-16,West,0
bfffb31b-5b29-4bf0-aa11-01b8a46ea917,50,Female,2023-01-29,North,1
bff3cfc1-4809-4479-add8-1d8a751f6918,73,Male,2023-09-06,West,0
52afeb94-0e7a-4749-9d95-6d6fdd6225ab,47,Male,2021-08-20,East,1
dc62484a-18bb-44ce-8fb5-c2dd9fe6e8db,54,Female,2023-02-09,West,1
ce7a561c-1fad-442b-bb61-bbed1c3a660f,25,Female,2022-04-12,North,1
2e9ea44d-9048-4c95-9d94-fc4915360d7f,28,Female,2022-01-24,East,0
4b5d1837-c536-4563-962d-a7eefcfcd926,45,Male,2022-04-21,South,1
f935f34e-1e20-48e3-ba60-6738c2d17ad6,55,Female,2021-06-23,North,1
cb456a1f-271c-4011-904a-08d6379c7d33,73,Female,2023-07-29,East,0
7ffb8c78-af05-42f9-9c62-9272c6dd29ce,39,Male,2024-02-24,North,0
c787a5fa-00e4-4a30-8c6b-a34994ea8473,51,Male,2021-10-08,East,1
7b1d2b27-3cb7-46d8-8f20-e1e5ed3e74d6,64,Male,2021-08-28,South,0
59a415e5-b8f3-42a1-8fae-b556810203fa,27,Female,2021-12-20,South,0
097f0ff2-d3a0-42d6-96f5-8e299d92a4c7,56,Male,2022-01-17,North,0
06c5fb4d-b4e1-4e79-bd31-33b601f30110,78,Female,2024-05-10,West,1
05360958-c3c7-465f-9adb-d0a8aebe32c3,61,Female,2023-02-13,East,0
7e3b2c9c-5d17-4f9f-9963-ce921fb9704c,46,Male,2022-11-08,West,1
fb6d909f-95e8-4bfe-8a56-11d3819ab70c,58,Female,2022-01-26,East,0
5cdd2bcd-6346-4481-9b75-5d9e2dd09b5b,40,Male,2024-05-30,East,1
b6cacd7a-6f7d-48b9-af46-6d6463f0da74,46,Male,2023-08-14,North,1
2fe328d0-c94a-402f-9e34-cd36341bd655,71,Female,2021-10-14,North,0
85aa2139-b925-4666-a8cd-c2d262ddb8ac,57,Female,2024-01-09,West,0
e593b650-6631-4dbf-a577-12dc512f7be7,46,Male,2021-06-15,East,1
645a3c52-dbd3-4f67-979f-4496eed18a6f,50,Male,2023-11-05,North,1
f9b43c6c-1d7c-4bf6-b2a0-9ed0eb950512,24,Female,2024-05-30,North,0
cdd9dcc9-ef6a-47a7-839e-b61158a92e85,20,Male,2023-05-09,West,1
7295d2b5-17ee-4e77-a7a8-5433f8375a22,51,Male,2023-10-03,East,1
8891210f-b969-4c0a-9526-4bf77af118da,76,Female,2022-05-17,West,1
075ae14f-7c66-4be7-972a-06d57229a764,67,Female,2021-06-12,North,1
6b75db8f-6b6b-4452-918a-219423b72cd8,22,Female,2023-05-15,North,1
3896d15d-5377-4464-9f57-375984e2313a,36,Female,2023-11-28,South,1
8b21a200-2a67-412f-bc0e-63aa325c8f36,23,Male,2022-08-18,East,1
1779d3b7-cc3a-4136-9e43-189226d86d30,79,Female,2021-07-16,South,0
456ec3f2-e45a-4230-b2c1-90e669022ec9,37,Female,2022-08-15,East,0
e0d682c2-fb73-414f-92bb-9769268c7927,60,Male,2023-03-11,West,1
e5665acc-8b84-4392-b318-aae9c71acd51,19,Female,2023-09-20,East,0
62587959-f1dc-4fc7-bfe8-64c407b446d6,78,Male,2024-06-06,East,1
e00677a7-5778-4379-89b6-3d1b4ec999ab,30,Male,2022-01-15,South,0
ab483ef8-c38b-440a-b9ba-992139d10d8c,22,Female,2022-09-30,North,0
fa4cdfd3-b6df-4717-94fe-0cae9c283c6a,60,Female,2021-12-17,South,1
aecdb7d4-be6d-4800-9a3a-4fac983cee48,27,Male,2022-06-08,South,0
815dcee2-c0c4-4534-8e1a-be1a0042c7fa,64,Female,2023-10-14,North,1
86564e27-d248-4d79-986a-35b6ec0ac044,41,Male,2023-11-27,West,1
1c283662-fc12-4140-b8bf-9ae79b104eea,66,Female,2022-06-10,South,0
04ff09a4-3554-449f-ac48-0ae2a8880812,37,Female,2023-05-03,South,1
93b55031-ef03-4f1e-9aaf-9feb484f65ec,61,Female,2024-01-08,West,1
358c20c0-95fd-437f-ae12-a3c391149433,67,Female,2024-02-15,West,0
5371184d-adf8-4c3c-acc5-a060114bc4e9,70,Male,2023-08-16,South,1
fb80c3a3-5708-44ce-8114-3763444d6191,21,Female,2023-03-29,East,0
af02f50d-ee57-4e02-9d87-93c80f3ba6af,63,Male,2024-02-05,East,0
36be11ab-7a29-4c4c-bb94-e1025fcefbc0,66,Male,2023-08-25,East,1
3240576b-20e9-4826-8b28-c44183a2b823,75,Male,2023-07-28,West,0
950762d5-b684-4b60-b92c-91479c66ec8f,78,Male,2022-07-01,West,1
8b41cba9-0e00-4c55-bbb9-ed77adb9bd09,77,Male,2022-06-11,West,0
6fbad556-04ac-47e3-91f1-af012844ff61,43,Female,2022-04-14,South,1
bcf9650d-14c4-43dc-938e-40f207d7ed42,23,Female,2022-06-11,South,0
36cb4ef7-2f74-489c-a2de-5072a56fd521,38,Male,2021-11-04,East,0
8300cb19-d05d-430c-9113-71798c3cc6a5,26,Male,2022-04-18,East,1
024a026a-6015-4431-ac5c-83c2c3a97276,62,Male,2022-09-23,West,1
05c070c5-a347-4308-91e2-e65f38906137,57,Male,2021-07-07,North,0
64ae85ad-c169-47b4-b878-329a295de84f,34,Male,2022-01-01,South,1
bc1d3c93-0a56-4bca-849a-017aa6e16ad8,25,Female,2022-12-21,South,1
86186063-79da-48d0-b997-e0e8412b34d1,25,Male,2022-04-25,South,1
ba0e09cf-0c39-41c8-b743-b29f0e07d5e0,58,Female,2021-11-01,North,0
e3192aa7-7f97-40ba-8f0c-eaf9037a6002,71,Female,2021-10-25,North,0
ad06b897-2360-43a8-b524-ac844a5ed751,63,Male,2021-09-22,East,1
ff462f6f-7edd-407a-9236-82cc7efecc8b,18,Female,2022-12-26,South,1
eb61de55-7bb3-4933-8bb0-763ad6ef0356,29,Male,2022-10-08,East,0
044842db-e8d7-44a6-8cf9-f0a9c07fb0c8,79,Male,2021-07-14,West,1
c228644e-9fb3-46e5-b3c1-ffa91b0b6555,20,Female,2021-10-23,East,1
08b0990a-8d86-48d2-934a-082c2f8f1920,65,Male,2023-05-20,East,0
807f6a62-8b64-4490-971c-831649d14411,40,Male,2024-03-10,North,1
ad5c7553-17d8-486e-9b15-73a025989729,26,Male,2023-09-19,East,1
996baf22-1de0-46fa-b260-492dfa9552da,70,Male,2023-04-16,West,1
f98b4e20-b5ae-45e1-ae88-abaf9fe91e33,58,Male,2022-07-27,South,0
e736bea4-e17f-47dd-a01d-70a755fb24b0,63,Female,2021-07-17,North,1
d3b0f0a0-ddcb-4f70-bc79-e30c91f2e742,30,Male,2021-07-04,South,0
c511ce6e-ba4f-4a6c-84c5-871812e9dd24,38,Female,2021-09-13,West,1
b8813b85-732b-4f2c-a05a-4042ed8eddd6,34,Male,2022-08-27,South,1
b1a4f007-e38c-4603-9bdc-23cef8acb296,40,Male,2022-12-01,East,1
11b0fb3f-f889-46d2-a9c2-9d69c76fe41b,25,Female,2021-06-26,West,1
864fa11f-aba0-4762-bcf2-e2132cd3b41f,65,Female,2023-05-19,West,1
d0136a39-c978-44b1-a582-7cf0a508a785,80,Male,2023-08-27,West,1
f08fd851-c1fa-4a66-a326-567a43c277a6,41,Female,2022-07-09,North,1
5e1c4246-dab2-4dfa-b5ed-4f770c76397f,23,Female,2023-08-24,South,1
1c8150e4-9099-486a-bc03-52dd4cb34685,38,Male,2022-02-26,North,1
54386db8-f18e-46d3-9627-63ac1452c5cc,60,Female,2021-08-07,East,1
fe1373e7-ace4-485e-b165-44949b968652,56,Female,2021-11-05,South,1
49919c01-3655-488e-94df-bae9fc106021,40,Female,2022-09-22,North,1
c5a49def-ad35-4554-b65f-7a2eb78e173c,57,Female,2023-03-21,East,0
de78822b-27af-4acd-87c6-4b819bc999b2,22,Female,2021-09-20,East,0
870947f0-a239-4c4c-b79a-94fc06263be3,78,Male,2022-03-01,South,1
09e5fb8f-6a4a-48ca-9b61-4a16c2debfcf,20,Male,2022-03-21,North,0
77e57f1b-035e-46c9-968d-ada07aae5bb2,67,Female,2021-07-26,East,1
3aaa5cef-0b3b-4487-ab6e-64bf346b92f9,78,Male,2022-06-17,South,1
6fa0af98-0dcb-4156-b771-edce6f8bf636,78,Female,2021-10-29,East,1
6f25cea3-0dd1-4ccd-884e-8d83d5090b95,66,Male,2022-09-06,South,1
d2575e97-eabd-48e8-b4eb-d7a64cee5bd7,43,Female,2022-12-27,East,0
7ce1f984-a3e3-448e-ba64-f590d1ac0e56,79,Male,2021-08-03,North,0
d85835bd-d317-4c79-bf1e-4ca878491532,49,Female,2021-08-02,North,1
a345b8c6-2751-4478-a88e-856a23b1cb37,67,Female,2022-09-04,West,0
116436a7-f14b-4c62-b0cf-9a854a41ade5,57,Female,2023-05-07,West,0
e05f8229-97c5-470a-b1fc-c40e81c93955,25,Male,2023-02-16,North,1
325c8bf3-8c3b-4ee0-9839-0f1b6363cacb,29,Female,2022-08-06,North,1
586e5de2-f5f0-4e09-b6bf-ca7e9cdea588,60,Female,2023-02-13,North,1
1c8f476a-8c44-4c95-baa6-c27a893a2c7d,75,Female,2023-05-04,South,0
7ca66a10-e951-4e45-a1c9-8afcda661dc1,68,Female,2024-05-17,South,0
ffe45625-2654-4fee-8bca-829841ff5efb,30,Male,2023-11-27,South,1
f4d16b1d-89ed-4684-a115-8396d5560e46,19,Female,2022-10-18,East,1
99757a00-b24b-4491-b3ca-25d86bb31e56,69,Male,2022-04-05,North,0
97a0b817-cefa-4d5f-b47b-d782f3f87847,37,Female,2021-11-27,West,1
37642ece-0cb4-40d1-8c2f-85ba74ee0215,67,Female,2022-07-16,North,0
fd93474b-6fa7-4165-9c99-4ce40be49b48,80,Female,2023-04-14,North,1
e68d9ca9-fd73-43dd-b8ac-0a6b10d7ffa4,47,Female,2022-06-10,South,0
375adf04-3039-492b-a9ac-084606f045ff,67,Male,2022-10-08,West,0
57151f24-1b0d-4f6b-b2c9-23f4a3039589,71,Male,2022-06-16,South,1
63f21d28-bf47-4568-8038-2fb93c22bbba,28,Male,2021-07-23,East,0
df72c59e-daf4-4fbf-9d5e-8f73842fb334,40,Female,2023-08-23,North,1
4a2950f4-aa96-4b0d-9abe-6dca00a34fe6,30,Female,2021-10-20,South,1
51f9bead-523d-4f19-97c9-e87985a87520,57,Male,2022-12-07,South,0
861b5a5f-a011-4ccf-b5db-0f8c06dcf2d0,28,Female,2022-10-05,North,0
eee745fe-2231-4812-8171-94f69d865ee5,23,Male,2022-04-16,East,0
4b974164-77f1-496e-8b21-7f3f4db6803c,67,Female,2023-05-27,North,1
ac85dca4-7fb2-4461-a0b1-15545af5a66e,74,Female,2023-02-10,East,1
3a24280d-766f-4492-8301-4730ab4f526c,33,Female,2022-11-02,East,1
1a6a5a48-2b2f-47ba-a8da-a8e270b51a26,22,Male,2021-06-27,South,1
d23d4a1e-a290-40e1-9931-54fb2cd326f8,44,Female,2021-07-16,West,0
79e905cd-c789-4bcf-848b-3f161f81faf9,39,Male,2022-02-03,East,1
ac5be2df-f175-4d5a-a8d0-2cd6f6e5f47a,64,Female,2023-03-04,West,0
88afce69-91b7-45bc-b524-9a69010bd46d,66,Female,2022-10-31,North,1
ae79fbbe-ed8f-49dd-861e-d7d7853dc062,33,Female,2023-02-12,North,1
852afe1e-d16a-4f29-9629-d7367cbc9795,46,Male,2022-10-15,South,0
fb0f5631-2b08-447c-8dda-053a68eb537f,21,Female,2023-12-05,West,1
3ac680ad-2404-4d1b-915e-e0bd700bc4cf,33,Male,2022-06-12,East,1
fa35160f-e19d-4ceb-b0c3-ad3bbb99236c,30,Male,2024-02-03,West,1
508904fb-a503-477f-a076-a27d80561cc2,49,Female,2022-05-29,West,0
4c6050b9-f35b-4b44-8f4f-69aa0674ab34,23,Female,2024-01-13,West,0
36b42d7e-89ce-42e5-bb1c-f1e6f263d378,31,Female,2022-01-24,North,0
6b409948-32dd-42b0-9c41-7d8dcff1f727,36,Female,2021-07-31,West,1
eb434678-dd0a-4f3e-92f1-da88c3676492,52,Male,2023-12-11,North,1
cf5245f6-f047-41d4-a4f2-b803d736724c,26,Female,2021-11-23,East,1
8aebccae-afff-4789-9d81-f87ae2720c9d,41,Male,2022-06-29,West,0
01579e7d-d39d-4da7-88d1-9f75643993c6,54,Male,2021-06-22,East,1
711cf4af-2ff7-49aa-a56f-a139c0ba9133,22,Female,2024-03-09,West,1
e21dd8a1-420f-4c95-833a-a3bd2ad0ade2,70,Male,2021-07-16,South,0
71dab9bc-db44-4e75-b341-037c32956528,43,Female,2024-05-09,East,1
9a55e7d6-a06c-4753-8149-2c15939d7368,66,Male,2022-02-03,South,1
0f47f908-eba4-4ba4-92a1-923a82700e89,50,Male,2023-03-07,North,0
48cc3fd0-cd97-4b99-bc46-b27d00e4b587,26,Female,2023-05-15,West,1
54098bac-a2c8-4f0a-b0e0-bb21eb876180,27,Male,2021-09-24,East,1
4f3ae319-6cfe-463d-acd6-0f777b42bcc7,28,Female,2024-06-10,East,1
2b849215-653b-430a-9a6d-9f61eb72462c,50,Female,2021-12-15,East,1
492c00a8-e92f-4c43-82b0-ce47345698fc,70,Male,2022-12-27,East,1
d5ebf8b7-6fe6-4e0a-a212-f052e0a726c8,61,Male,2023-05-18,West,1
d7a91085-70f0-4cd5-a174-26b42e3f769a,68,Male,2023-11-22,West,1
5025b9d8-08bb-4b89-92f2-fccede2e371c,79,Male,2024-05-16,North,1
bf97548a-ea74-4916-9b06-72232870cf40,28,Female,2022-06-19,South,0
f4b16b6f-ceb6-4ea7-9716-05fa6e5a3ea2,20,Male,2023-11-08,South,0
81d72150-c53a-4e14-9d61-8b243442c580,46,Female,2022-10-14,West,0
13f4d4bc-70fb-442d-a7fe-153503c3893d,44,Male,2023-02-26,West,1
8f03fcf0-d9d2-4859-b08f-d7327409c94a,73,Male,2024-03-29,South,0
85ff3c60-ba68-478f-b6e9-cf9905b5c771,53,Female,2023-06-27,West,1
197fae00-0348-4bf1-b310-d74811305be4,38,Male,2023-08-16,West,1
929b06e8-b73d-4198-bc64-c026bf1afac4,52,Female,2022-10-08,East,1
3f2f8d23-9d19-4e10-9231-90c4a5e628ba,30,Male,2021-12-03,East,1
c623890c-f9e6-4754-8501-020e6747e3fe,32,Female,2023-12-20,East,0
63e5a9d2-d3eb-43cc-b41d-213e78e85b3b,62,Female,2024-04-28,East,1
078d5a67-3b62-4097-94f7-c419dd40b04d,40,Female,2022-12-27,East,0
5f9a6467-0929-48b0-9304-dcf8700f4528,54,Female,2022-07-13,West,1
000188cf-f4b5-4959-af74-46ff8c370ab9,79,Male,2021-06-13,East,0
19e85625-6bdf-4dd9-bce9-cf07845b0f67,36,Male,2022-04-11,East,1
bc8cf893-00e1-4c37-8439-e1f9d811eb60,59,Female,2021-12-01,West,0
58b17ff5-8c81-4c45-96da-bd2a0864a8e9,30,Female,2023-06-19,East,0
5b4c9880-01c4-42b7-af91-280d9fe2ffbb,24,Male,2023-02-25,South,0
cbe528f5-0239-496f-b23b-c6ec6174aba2,60,Male,2022-03-16,South,0
b9e701ce-e130-4ec1-bd4d-f7725d2d9859,24,Female,2022-05-13,East,1
98472f86-dace-4392-a13b-04258394fef4,24,Male,2024-02-22,North,0
fd279513-420d-4971-ac3e-82aee46ecdbf,44,Female,2022-01-26,West,0
6240b400-ab89-4f43-bfb4-768607077d2d,66,Female,2023-11-24,East,1
bfb54d1d-2655-423f-8245-4e1a37e60cfe,59,Male,2022-06-23,North,0
274f94b0-83f9-4785-a85a-39a620f8e804,52,Male,2023-09-03,South,1
5f228525-3e17-4692-b7da-691090ce85c8,74,Male,2024-05-13,North,1
9f2aee64-a94e-45ff-bc02-34d797d19b7c,68,Female,2023-05-09,South,1
751f29a4-3f9e-4b52-a47e-d08a10e49dac,74,Male,2024-01-10,North,1
85495f91-83e6-4ed6-8960-58a195725aa3,54,Male,2021-10-19,East,1
f0764153-b023-41ee-8cfc-b3a656f545be,47,Female,2023-10-10,South,1
cc11a17a-f0e0-4666-8db5-c2cd3ac36788,35,Male,2021-11-18,North,1
cbf97a3b-e337-452c-b320-ade94aa0f2bf,28,Female,2024-02-13,East,0
37493e89-718c-4342-a020-5f87cec1987f,18,Female,2022-09-17,East,0
4bba5102-7e89-41ef-a586-c6528fa570b6,29,Female,2021-10-28,West,1
ff409828-25fb-4c5f-8ef9-a54c41e7a490,23,Female,2024-02-11,North,0
e7f3d7fb-e110-4c89-b9e9-8a21776b7b53,80,Male,2022-05-16,West,1
e043d457-c667-4858-85ff-330b2571a68e,77,Male,2023-07-09,North,1
949c0d70-f930-4616-9629-01141bdf3d6f,42,Male,2024-05-09,West,1
1b059898-64af-433f-8c9b-fc780bab345e,79,Female,2022-11-16,East,0
98b71427-03e5-4b9f-86f0-b6c28bdfaa27,34,Female,2024-03-12,South,0
fb0fd09d-f21a-4c9b-88db-1b4e794aae65,60,Male,2023-09-08,West,1
121b21b8-d650-4b0e-9d70-77f2e3fa01d3,28,Female,2021-07-19,East,0
2075fdf0-0627-42c1-b146-3dfe46d64119,58,Female,2021-11-21,East,0
4dfb3697-207e-4e70-b23d-7776cdb014e0,32,Male,2023-03-02,West,0
616a1845-e538-440c-81c7-3d432f754e33,47,Female,2022-04-29,West,1
b7589901-0903-4216-9128-7ed5424b90c4,66,Male,2023-11-09,South,0
507a4157-8dec-4273-8797-b232968a975d,51,Female,2023-11-07,East,0
30d67423-5dd7-4d12-8485-2c30f182ecf5,76,Male,2022-11-21,North,0
a43a2a8c-5044-41f1-8b12-f6ff8d73c6ae,54,Male,2023-06-13,South,1
4c67c987-d768-46de-959b-c2015fb76383,72,Female,2023-03-18,North,0
bbe28d0c-7e52-4620-bdc9-8392388c6ee3,63,Female,2023-12-11,North,1
b7fce385-8b48-43f4-8e93-ed208a5265b8,69,Male,2023-04-12,West,0
867d32d4-2a16-49f0-80c1-06ff71f2a79c,50,Female,2021-08-23,West,0
7faa6589-50bb-4410-b1c4-f16e4927d962,53,Female,2022-09-14,East,0
379d334b-8b77-4a07-b63e-f17ff921e6b0,43,Female,2024-04-25,North,0
9d2275c5-78c6-489e-8fd0-0b962fd3ece2,55,Male,2022-01-30,North,1
cf41cd9f-2e66-4e20-b1c2-0bd1bc57f6ec,40,Male,2022-09-11,North,0
4d0d6c1b-0feb-4900-866b-4e729f5a8475,77,Female,2021-07-12,North,1
a23b6869-7819-4bd8-a567-03dde48cec19,44,Male,2023-07-15,South,1
35f1ce7b-9ff1-4e12-82d7-5f0166be29d5,41,Female,2021-07-14,West,1
cc0d4711-eb62-4f5d-bebd-61948b032762,42,Male,2023-09-01,South,1
62120775-0070-44d0-b639-48ac951db383,25,Male,2022-02-26,West,0
74b677b4-d7ea-4e17-bf5c-5819705fe8c0,64,Male,2024-04-21,North,0
476ec294-ea5c-4419-8a6a-fec177a0b76e,80,Female,2023-06-18,West,1
1e0b37f5-c22f-43ae-b8c5-306803d24a71,52,Female,2024-01-07,South,0
38f74c8f-8ccc-4efa-b630-d51f61f2b6dc,47,Female,2024-06-02,South,1
01fde11a-8ae1-475a-99f8-98322d534bff,30,Male,2021-09-09,North,1
31b39fb0-3b34-4280-8262-4d5e72d4c4a6,57,Male,2023-04-13,South,0
49891ae4-b824-43f2-99e3-ee2f952a8dde,22,Male,2023-11-15,North,1
3f25700b-c96b-4746-8a67-3e8fa44238a9,56,Male,2021-10-06,South,0
9e53f306-84b3-43ec-bd10-e8d960089f8b,43,Female,2023-07-17,South,0
c73ee657-76f3-405d-9cce-3edb6eb6daee,66,Male,2024-02-18,South,1
adda6e8e-b501-4ddb-835d-a37567b7f91a,32,Female,2022-09-06,East,0
3948467a-e488-43f0-8a75-b5add274dc04,37,Male,2021-06-22,South,1
fc10acc4-8521-4e84-8374-7aa6b902223e,37,Female,2023-08-30,North,0
d713dcaf-e8ed-4b3b-a5bb-15ea416b7604,58,Female,2023-11-26,West,0
c0d34de9-a307-46b6-a700-bf03437f5fbf,80,Female,2021-10-26,West,1
a54cc3b9-9986-42d6-afda-40331aabc5a9,62,Female,2023-04-19,West,0
5c58adb1-5a52-45ee-94bd-52dae0b5e24c,37,Female,2023-12-25,South,1
a349bb9f-346e-44e5-b82e-0b759ebbe047,33,Male,2022-07-31,East,0
c1dfdbdf-30de-4106-9082-ddd31558d983,69,Female,2023-03-27,North,1
1e279183-8421-43b4-a1c7-30c0958267c3,79,Female,2021-11-01,South,1
a262bef7-bd2b-4e93-b247-4cc0655114e1,33,Female,2023-11-07,South,1
b4991c49-4fd1-4aba-bb7f-61a1c09df311,59,Male,2022-06-21,West,1
40750303-8a86-4392-a32f-474b9901f0a6,23,Male,2022-12-14,North,1
997f72c8-e2c5-4722-8b2d-63cb6df203d5,42,Male,2023-02-19,North,0
ed73637c-0f22-4a61-a730-6e8d7df5d4f3,69,Male,2022-05-03,West,0
c21fe49d-2ac3-4e7c-b2e4-a0b9c2753551,73,Female,2022-11-13,East,0
77b01dbc-b8cd-4fde-8827-4242f38fbcc5,31,Male,2022-05-13,North,1
8d538a39-5c9b-4689-9ce4-6cc7fab07063,76,Male,2023-05-02,South,1
ec1db23a-ed6e-4141-8ba1-1433cec17fc6,76,Male,2022-02-09,East,1
2d9b6dc8-4de6-496a-bc93-a09ed3fbf6e5,42,Female,2022-02-19,East,1
b38aee0b-f1f2-43c7-91b7-ab5ba54d8952,34,Female,2022-04-17,West,1
d8097277-b429-44d5-8968-e6018fa1abab,24,Female,2024-02-10,East,0
bd01b4b3-20da-494d-9c87-2763259de872,41,Female,2023-03-03,West,0
608b22d0-b5db-4989-b994-d575e0b65343,54,Male,2022-08-24,South,0
40f5b2bd-4539-434b-96a7-8c6939e5dd2a,34,Female,2022-01-22,East,0
33b5e2b9-a7b7-400b-b566-690ee3e382fa,30,Female,2023-04-23,South,1
cee5d226-5a42-4990-9cb6-2a5effd19d26,54,Male,2022-10-01,West,1
db12f192-89d8-4b68-a3e8-9c75176ca2d1,34,Female,2023-01-30,West,1
4948c850-2a58-401e-9b86-46f63630fd7a,28,Female,2023-12-06,South,0
bfda8f71-c805-45a1-954b-19fbf62bd987,64,Female,2022-02-14,South,0
23a446bb-dd04-402a-ab5b-92354b93e0e4,51,Male,2023-08-31,North,0
0a1ce812-7e71-4ab2-baf3-b994c0154d7a,66,Male,2023-09-26,West,0
d634f6d5-199c-4f03-9541-77183bb867a8,71,Male,2023-09-13,North,0
d1beeeae-37ee-4dd4-bb8e-208e0845d037,18,Male,2021-12-17,West,1
7735d54c-2fa5-48ff-b62b-e315106d9cc3,21,Female,2024-03-28,West,0
291e52cf-6cf6-4e02-9020-a29d8a853073,18,Female,2023-04-17,North,0
889d179a-574c-4065-99c6-55af1da672d8,51,Female,2024-05-04,East,0
7809a02d-60e1-4907-bfd9-fdf9ee66f07c,50,Female,2022-02-02,South,0
aa974b8c-76aa-4288-8055-e5fbb7dc9f14,76,Male,2023-07-05,South,0
262f6241-490e-4c36-9b6a-50cb467977d0,30,Female,2024-05-22,East,1
7d85eefd-993c-462e-b07a-aef11b22a22b,68,Female,2023-01-27,North,1
f50fcd6b-0ee8-4c1b-8de9-efce29cd24b6,79,Female,2022-10-29,West,0
51a0779b-3233-44f8-8b0a-12a7d3cdb8aa,62,Male,2024-04-28,East,0
30e6414d-64fd-4d7f-82b2-b1ded8150ddc,59,Male,2022-12-15,North,1
b53b1cbc-9083-4b26-889a-196c6826e1bd,42,Female,2023-07-02,West,0
f6e44a1e-8c66-45f8-baa2-5a760fec051c,58,Male,2023-06-11,South,0
35a0ed01-4d00-41f4-b682-be8c8f1903f1,49,Female,2023-03-14,East,0
b55d083a-7a9d-4ee8-8d43-7f9635615b35,75,Male,2023-04-29,South,0
f132134d-6181-4072-a7cf-a7d40c412f15,75,Female,2024-01-23,East,0
44757874-6023-45d5-bb6a-e68118699993,77,Male,2023-01-13,East,0
96b0d2ba-d538-48e8-aa24-89ba9e22b8aa,29,Female,2022-08-06,North,0
d83cffdb-f695-4c7b-b8de-267eea700c2b,55,Male,2024-02-03,West,0
f38db3a4-8a2c-453f-ae92-a46752c813f4,37,Male,2023-04-15,South,1
f547a80b-8111-461a-a091-36706cee0df3,61,Female,2022-11-19,West,0
62e6af1e-d9de-410f-9760-15db09091f10,68,Male,2022-05-25,East,0
9eea8d4f-80b5-400b-8bf2-fc42b8ffc063,24,Female,2022-04-27,South,0
c8a08d7d-782a-428d-bd2c-c66c2f4f9415,39,Female,2023-04-03,East,0
795f9530-2ee4-46db-b318-b6cddbb37b23,58,Female,2023-08-28,West,1
68dddbd3-f7ff-47f4-946f-880da931e3de,32,Female,2023-11-10,West,1
61c0c925-8ce1-4636-93e9-9b2699de27d1,29,Female,2022-09-17,North,1
347c6c9d-33d7-4716-9cd2-1b20734835d7,69,Male,2023-05-28,North,0
9306971d-d176-4392-b803-601d711296ae,35,Male,2021-10-06,West,0
a6c6158f-fe10-41c9-ad06-68e606170797,65,Female,2024-03-07,East,1
05ff69e8-a71b-4ad6-a58a-9621fddf6137,24,Male,2024-05-28,North,1
50472ae2-b5b0-4b1f-b03a-ccc83d07bd5a,46,Female,2024-02-04,East,0
09719d93-69d6-4b56-9e95-302b09636952,26,Male,2021-12-01,South,1
9d99e2b8-7a0f-4934-994c-e2967081ef0b,46,Female,2022-08-17,North,0
4b6dfeae-6342-45d3-853b-59c8cc6dddee,23,Female,2024-01-24,North,1
089ea220-b8d7-4b77-bb1e-ac094a742de2,73,Female,2022-09-09,North,1
9e125da2-5d40-4ca2-affd-f92debe680b0,44,Female,2021-09-08,North,0
d1ac77a8-3e8a-4c46-a60c-30014cc495ac,54,Male,2021-12-05,West,0
5084b9f1-c7a6-4dd6-a23a-b1450d46cd51,26,Female,2024-03-02,East,1
0abcbea0-0ec3-4f53-8176-f82c4ffba297,49,Male,2022-06-13,North,0
7fceb96a-9dca-4246-98c6-1081067d9f8b,45,Female,2022-03-28,West,1
79ba34d4-f5de-488f-89dc-be08b25e2a80,48,Male,2022-09-08,East,1
d5cf2d29-972e-4459-bcdb-1148dfd19f74,78,Male,2024-06-02,West,0
89a6b49c-99dc-4b86-89fa-7fdd1603ad6f,47,Male,2022-07-12,South,1
7fb5513f-04c1-4950-85ee-849ee012b2eb,18,Female,2021-08-05,East,1
5271365c-d717-4a9c-ab25-d4a8bac18567,69,Female,2023-09-16,West,1
bd8967a0-3a73-49ee-9d54-1486b4dac92f,45,Male,2021-11-25,East,1
43722086-39db-4774-8c8f-aa857751acbd,56,Male,2023-05-26,West,1
02d919fa-95c0-4780-b88d-018f0d2c77af,29,Female,2023-05-01,East,1
11a88290-3acb-4dc0-9eb0-d1229133a144,65,Female,2023-03-13,South,1
3eb2b30d-bf8d-4cbd-b90e-94c3871e01cf,42,Female,2021-10-19,West,1
f0840635-c343-4b9f-9663-d837afb153d6,25,Male,2021-07-28,South,0
b93ce48b-d163-44fd-a9e4-b13fdc53879c,78,Female,2022-10-23,South,1
52565fcd-ff50-45c8-85cd-e582ad5b5770,69,Female,2021-08-05,North,1
48a06e3e-5615-4dae-ae9a-9ace4490d45a,61,Female,2021-08-18,South,1
3a59ff4a-44af-401e-a2ca-e3f2b74fb2f0,33,Female,2021-09-21,South,1
2cc18ed4-5f3f-4ecf-b236-4a021e3fe87c,68,Female,2022-04-25,North,1
a27afc5d-9810-47cc-a511-327a0cf43869,56,Female,2023-04-25,West,1
4cd5b537-1d0e-4859-9bb0-59fec9667052,52,Male,2022-03-01,East,0
05c78ab3-1982-40c5-8e87-f15c1256b731,24,Male,2023-04-12,East,0
4585b07b-a9ba-4ecf-8699-101d2328a75b,59,Male,2021-09-13,West,1
b2208202-7dcd-438e-8f1d-60aeb1bd19a0,79,Female,2022-05-11,North,0
2c20bf78-6baa-4a72-b374-30bdd3f6a7c4,24,Female,2024-06-08,South,0
5b38c22f-8f3b-410c-92bb-414de1e719a4,46,Female,2024-05-24,West,1
9af5e990-a3ed-43b4-8f7f-701cd843f1ba,67,Male,2024-04-23,East,0
28f447ac-b9d9-4107-9195-d607eb0b0ae8,48,Male,2022-10-05,East,1
fe2068a3-9693-406d-aaf2-f809286f9245,76,Male,2023-04-10,North,0
4018ed7d-b6d9-42f5-a8c7-ee4d4fd5d0ac,40,Female,2022-09-09,East,1
e7d22aec-91cf-4def-9758-449e8157900b,68,Male,2024-04-16,West,1
adb01f7f-8f6f-4689-ab60-6364dc849351,48,Male,2024-05-26,West,1
a8135365-ee78-424b-a2b9-45b9b366a8cb,38,Male,2022-07-29,East,0
38f8e709-90f0-4218-bdff-5827f35cb08b,69,Male,2022-05-31,North,1
f2798233-55e1-449a-9492-57510dbeb69f,59,Male,2023-06-29,South,0
01a998ee-8436-4962-b2cc-4683b5d1758c,51,Male,2021-11-08,South,1
7c44dd27-c011-4560-9d2c-725e486f11f3,53,Female,2021-07-17,West,0
b2456f46-b148-444c-bbfb-5350b0586237,69,Female,2022-08-10,South,0
e89030bc-674b-4653-aff9-61b0dc751bb2,58,Female,2024-03-17,West,0
1dfa0029-5908-4af2-9436-1db23cab6673,65,Male,2021-08-31,West,1
0724cbbe-c693-43f1-b574-e0e921a3200b,42,Male,2021-12-08,South,0
e839f07d-893d-4468-b9ef-b88df14dbe6c,35,Male,2022-08-04,North,0
d7889bb6-9780-43cd-9fc2-715a76d1a173,41,Female,2023-08-19,South,1
be591f7f-48e5-46ca-941e-5aa7db889941,25,Female,2022-02-28,West,1
89c86950-1eaf-47db-a74a-d5e7948e2d87,56,Female,2021-07-22,West,0
fff0e38f-5052-439a-86e5-844888766f17,40,Female,2022-05-01,West,0
5602d508-99c3-434f-967d-627f48b0717f,70,Female,2024-04-17,North,0
12ba961d-5605-4bc4-8e79-668e0d93dccb,38,Male,2023-02-11,South,1
8de4f4a9-334b-4f30-9c07-4def1c225fef,25,Male,2023-05-07,East,0
e967d261-a756-4122-aa17-5afc0265117d,50,Female,2023-11-22,West,0
8347e49e-49a9-4ecf-9f1a-886c0939e1f9,54,Female,2021-10-23,West,0
567a77ca-d636-4077-b53c-6621b4e28b40,49,Male,2021-08-03,South,1
5410a24e-984b-46c0-8b43-a285e5b7b283,36,Male,2023-03-31,South,1
3d428143-5d6d-4dc2-827d-0bc0136266be,71,Female,2021-11-15,North,1
bd716617-7b2d-4a42-8ee5-f83448ebee84,78,Male,2021-08-18,West,0
344212f3-22cc-4974-b83e-9daff1bc7563,30,Female,2022-11-10,West,1
fabec055-92d8-4134-b98c-571a0b681e49,61,Female,2021-10-13,West,1
78b64c33-7d60-4c54-9cf0-1c0d17057e5d,49,Male,2023-05-02,North,0
4d19a864-3e14-466d-b2c3-edda6ff101ba,68,Male,2022-02-18,East,0
812380a0-9dcd-429a-8661-efb5ae5b86a8,35,Male,2023-04-22,East,0
4b91c900-d634-4f6b-bd9a-f0242c64dff5,67,Female,2023-12-02,West,0
fe5cbbf3-5d3f-45e2-854b-d9a0879da827,54,Male,2024-05-18,East,1
52ba785a-2816-4f5e-a43e-98c18157ad03,52,Male,2022-07-13,West,0
b3b5d1f3-e2b8-4253-9cd3-fc2f20d83b1b,45,Male,2021-10-20,South,1
c5aba006-87da-4f11-b619-3bc9d11fa061,73,Male,2023-03-23,West,1
305be0ab-0d86-48c7-940e-4f5243e84706,40,Male,2022-01-09,West,0
e9f8c8e3-a100-4c39-a36f-62b3c7a3dbe5,67,Male,2023-06-13,South,1
f0a9d4b6-04b8-434d-87cf-1493e442d2b9,73,Female,2022-05-13,South,0
b2d85d83-0a28-49e1-8880-91ac4733519f,68,Male,2021-07-20,South,0
83afe782-f2c2-407a-99ea-c19a1e4122aa,54,Female,2023-09-14,East,0
e7e96b50-89da-45b0-bd11-b0f1213809d8,38,Female,2022-02-03,East,1
55dda70d-42bb-48b7-9704-4a0636e5e58e,78,Male,2022-05-12,South,1
e1a53101-da64-4bea-a1f7-55eae544894e,76,Male,2021-10-16,East,0
f011d819-66e9-48ff-a1c6-48adad1958e7,62,Male,2023-10-13,South,0
a0d409ad-cced-4c1e-b68b-07c6716232fe,63,Female,2023-09-30,South,1
af835699-5f63-48ed-84c4-921aed016be3,49,Male,2022-10-30,East,1
ea9a483b-6376-4bba-9d29-364c8f1ae147,42,Female,2022-01-31,North,0
635793d4-0393-49fd-abb5-14f599a623f3,43,Female,2022-03-10,East,1
1b7b3633-4338-4176-8098-6c60ca155fa7,78,Female,2024-04-28,East,0
2367e3e0-8e82-471c-850e-356e679be0f8,73,Male,2023-06-19,West,1
0f078f84-0d12-4bdb-9701-7d8824656d43,72,Male,2022-10-01,West,0
e1bc0109-da32-43d9-b653-5057714d47bd,79,Female,2024-05-13,South,1
57d4cb41-866d-4c1e-877f-de4f94a0c52a,35,Female,2021-07-07,East,1
601197a6-77b9-4db5-b54f-4c53e4a2af85,53,Male,2022-02-28,West,1
40930c3f-1e23-4a6a-b00c-2db1545a2c8d,75,Male,2023-01-08,North,0
c2d3c936-2f3c-4e50-afd2-cd333a8165cd,58,Female,2023-12-22,North,0
d2c93cbc-5ac9-4933-857e-3f6b5eaf9e98,77,Male,2023-07-07,West,1
b61fd27b-f8c9-4d0e-868f-0238c16c1640,18,Female,2023-03-21,South,0
62125860-c35f-4532-a281-7683b85c36fe,74,Female,2022-02-14,South,1
95534011-9e91-47b1-a205-d93e32053322,23,Female,2022-01-20,East,0
6c4fdf73-1d04-4807-8005-5b718402c35c,41,Male,2024-05-21,North,1
12d306d2-e0ba-42bc-b4ef-e7bab6635203,58,Female,2023-03-02,South,1
f3afdce2-5d77-49d8-97e9-0e6a23c11fdd,59,Male,2021-09-01,North,0
db6fb119-9641-40e0-8735-a3f7782d10a5,31,Female,2021-08-08,North,0
fca0953c-afb7-451a-a26a-96af288f0fd2,55,Male,2022-09-14,West,0
2f550c0f-26a5-48e9-bd9c-b5ee1619dc81,18,Female,2022-12-04,North,1
bb3c3bac-a37d-4b74-b989-13f11c1356e6,62,Male,2022-03-06,West,0
b179dbfa-f88a-4611-8ba8-b18e22a007da,32,Female,2022-11-08,North,0
abbbe27c-ebeb-4b60-aa12-75d901542248,24,Female,2024-05-01,East,1
fe22d06a-e576-496d-86fd-1365fad5e2de,26,Female,2023-07-17,South,0
ef0a2436-e580-4ae7-88f2-e234b68549e0,22,Male,2023-09-09,South,1
980334cc-76c7-4a13-9780-477d3becb4a5,40,Male,2021-09-13,South,1
2e33bc6e-7c4f-44be-b838-8e878759b7ae,57,Female,2022-12-16,South,0
adeeece0-d742-48e7-9c06-05c8882c630b,75,Male,2021-12-03,South,0
f977b5e2-c3ed-4891-be90-42c8b8f3b218,55,Female,2023-11-10,East,1
b7205452-b2d2-4762-83ee-fa47e5fa7754,38,Male,2023-07-14,South,1
afd5a63b-a197-47a7-8053-2754cad4bb94,59,Male,2021-09-20,South,1
96f66b45-12a1-4876-812a-a8733b0d72f4,67,Male,2022-12-09,East,0
c110ea5d-ee3b-463c-bd67-d4bafc8240a5,51,Male,2023-04-29,West,1
e8d33d52-36a8-4fef-8a8f-5ab3068cfcc9,59,Male,2022-02-20,South,1
f9e110d2-2270-4676-8c55-419e4dfed5b8,42,Male,2023-09-10,South,1
c497c8b5-a092-4c2f-b8e8-f2636bdcc41b,58,Male,2023-01-02,North,1
4a075b28-09d1-4295-8e5f-4648e417a883,77,Female,2022-09-10,South,1
efd06cea-7fcf-46ed-b792-11771e285725,73,Female,2022-02-21,East,0
8a264357-67d7-4430-b621-7121c4aef08c,66,Female,2022-01-18,North,0
0f9be489-be96-43a2-a54f-a937eabddfc8,55,Male,2023-05-13,North,1
375711b7-3a88-4dd2-baf9-1a4425cbea7a,31,Male,2023-01-04,North,1
27ae0b55-c3d8-4172-964e-1b89b94cde04,50,Female,2023-06-03,West,1
a76ed903-7199-45d2-9ef6-11e31e030f0b,62,Female,2021-11-09,North,0
2ca8e1da-ae51-4e23-8f61-cc0a8b48180c,35,Male,2022-02-11,East,0
1648822d-bfd9-45a4-9f55-176420c171c5,50,Male,2022-10-11,South,1
24424714-ba01-4cbc-80ce-f1d39ff94bd3,43,Male,2023-04-26,East,1
38aef55d-c663-45e0-9f8c-a542a928e145,64,Male,2022-07-08,North,0
773a99fb-ee56-45ba-9ef5-832330b980d3,23,Female,2022-02-02,North,1
8f1fdc32-9e26-4079-8369-8694a99906f8,57,Male,2022-07-20,East,0
8caef771-47db-4da5-ae3a-2dd787e50c5e,25,Male,2023-04-04,South,0
6af03589-0d6b-4f4e-908e-08c046752a70,28,Female,2022-02-19,East,1
e66b6c58-82cd-4cc0-a9b7-51700e6527c4,28,Female,2023-06-23,South,1
a5d844ac-bad3-4edb-b93a-b323252c4457,64,Male,2022-07-26,North,1
57a61251-86fc-4ec6-8c5d-ddcfaaa97d9f,69,Female,2021-12-07,East,0
3ffff64f-612c-441e-b823-aa2a24e2dd29,34,Male,2024-02-09,West,1
a2b8d1be-aa26-49e7-8edd-84770bb54207,50,Female,2022-02-16,North,1
886c2842-16cb-4e35-aed9-d77634e8c431,72,Male,2023-11-25,East,0
8927a5c3-4666-4817-ba41-e94594d263e4,34,Male,2021-09-23,North,0
a5947a5f-d97b-4395-8ccb-703d2eaab23e,65,Male,2022-10-29,North,0
274e9a2c-d610-4f5c-be13-3d8e68303fa8,33,Male,2023-05-31,West,1
02d08e53-aa4b-4efe-8c1c-11a50e915222,42,Male,2022-02-24,South,0
ef9957ae-6575-4f06-9f6c-faf076d09db2,53,Female,2023-07-11,South,1
a664868f-113e-42fb-bf15-569955818c5f,33,Female,2023-03-12,East,1
618706c0-df32-41cf-90ef-82834cc7b4e9,70,Male,2022-02-05,East,0
acf1e310-fc7c-45c4-a9fe-d32867131b8a,50,Male,2022-11-03,South,0
74e060aa-8995-4d1d-95d0-3d9c8867a1b3,69,Male,2023-01-25,West,0
ccc8c7e6-7135-4819-aa3c-cac53a20a044,74,Female,2022-08-30,East,1
dc36a20b-80f3-4bf2-b034-7ffcf37413d1,38,Male,2022-02-14,West,0
ffdb550c-8db1-4d20-b47f-a1713e34fb76,41,Male,2022-07-16,East,1
57447b80-7d84-4a87-83e3-d7e7d04f24ad,65,Male,2022-11-16,West,1
4eb4af9e-4185-431b-940a-79ef02bbe02f,55,Female,2021-09-08,South,0
8e66ec33-d733-47d6-be16-e7335cee4110,27,Male,2021-07-19,West,0
9f8c08fa-fd3a-47e7-8a5e-5ba9b784e389,32,Female,2024-02-19,North,1
755e9163-fd75-4caf-9b72-a436b24f9f16,18,Female,2023-11-22,East,0
fcd5876a-bc44-4287-b627-0186e6bbbc6d,31,Male,2021-10-23,West,1
d24152bc-f34a-44f4-b914-f46169701dee,79,Male,2022-01-14,South,1
bb27c1aa-3cb9-4ccb-94d8-6c7ea11dd628,23,Male,2022-10-31,South,1
68216e9b-3410-4b02-ae73-0da5a1ce4e74,62,Female,2022-04-06,West,0
05b25b94-f7aa-4f1d-a44f-a05ce0d4b170,55,Male,2023-08-19,South,1
e9d43e27-d7ed-457f-97d4-8e9078dbe5d9,22,Male,2024-01-26,West,0
0e357a10-0fdd-410a-9f4f-cec824f5843c,33,Female,2023-03-11,East,1
82b7e348-bfca-4f2f-8b58-a4d3c725e444,77,Female,2023-04-16,East,1
01cf4599-dde9-40fd-b42b-b75b49ab9c61,46,Female,2024-02-15,South,0
5863be55-04ff-44e6-8bfc-6ddb27a95e07,78,Male,2022-02-17,South,0
3da17647-3d53-4dc8-9ad3-90e282d0bd7d,27,Male,2023-09-07,South,1
38dfb432-c4bd-45f0-80b3-51082450bb13,47,Female,2024-04-10,West,0
877c3eac-2601-4e48-8a8d-120f2bcf35ac,52,Female,2024-06-05,South,1
8dd41d6d-0e2c-475f-bdd3-14e91910c21a,37,Female,2022-02-27,East,0
a7a1ec20-6872-46ad-bcc4-023e7d9dd4f7,23,Male,2023-11-25,East,0
34ce06f8-8877-41aa-a933-251d175b73e5,31,Female,2021-10-23,South,0
b8b7a2f4-f338-4cee-86fa-1fca9764b1ce,63,Male,2021-12-20,East,1
1531b880-e3fb-42cf-bf0f-821916e41889,50,Male,2023-10-28,East,1
162a3a19-e806-4012-bc94-1ecb9be3f689,70,Male,2021-08-26,North,1
518cdc5e-f4e7-435b-bfc9-b73b4638541d,72,Female,2024-04-04,South,0
d7ec4a85-b8c8-4771-8b81-d240c68e098b,47,Male,2023-03-05,South,0
19e69829-52b0-4b18-957c-186ee3d381cd,18,Male,2022-07-09,South,0
2aa3bf8d-63cb-42f7-9d52-362a1274ad68,30,Female,2024-02-22,East,0
c0c8a5cd-a53e-44af-8e03-56338276d6c9,55,Female,2021-09-12,North,0
d7d7cf1d-9493-4c09-a84c-a148e1aea92d,22,Male,2024-04-14,West,0
798d0a11-2269-45fc-bc61-f0b05ea50dc7,23,Female,2023-01-19,North,0
d26e8ac6-70a0-47f7-bb29-850fc4606792,78,Female,2023-03-31,North,0
1430df34-646b-43e6-b018-a412951f5296,77,Female,2022-07-12,West,1
8a04745d-2cea-457a-bda5-f0d730c8d6d1,19,Female,2023-10-22,West,0
add386a8-704c-486f-84bb-72c0a55b22b0,40,Male,2022-02-08,South,1
04123d7f-0e4f-4ed0-9a74-a5d8e9b7f5b1,35,Female,2021-08-30,South,0
763a0dc2-12b4-4139-a91f-89706f9d7919,57,Male,2021-11-11,East,1
bd5bb81b-c001-47d5-b0c7-8b7e224f2aa9,44,Female,2022-05-19,North,0
7e52d36e-5b2e-4ed6-8a57-4c4d329caf44,35,Female,2021-09-22,South,1
81ec7f03-0d40-4cf4-a6c7-f2af5f7b7480,30,Male,2024-05-18,North,1
c1240c6b-e902-454e-8cf6-f0a8c916cc2b,68,Female,2023-04-16,West,1
431107c0-d3b6-4c84-a6e1-47e77caa0bf9,40,Female,2023-07-03,West,1
319cebe9-e5ee-469c-a909-8c6115003ac8,29,Male,2022-11-27,East,0
8db05d86-59ee-4f18-946c-94b72ff0943d,19,Female,2022-07-10,North,1
c0489c68-bc1c-42b7-aac5-53d807695673,51,Female,2023-01-19,South,0
4305813a-5252-41ca-8ce4-8949891f80af,24,Male,2022-04-19,South,1
2582b784-340d-46f5-8f0b-501d9a9168bd,52,Male,2023-10-17,South,1
cda14fee-9bd4-4bfa-b57f-59caf5ee024b,40,Male,2023-12-27,South,0
099fbc3c-4947-4c76-9e77-8c7f1d1a9441,55,Female,2022-08-13,East,0
94dd7a11-d75f-4dd5-b81b-3a112c047194,63,Female,2023-03-02,South,0
8f25979f-d5de-49f0-a7a8-027ea0aed1b6,71,Female,2024-04-14,East,0
c4214fa6-aafa-480c-8d42-546853cf3121,49,Male,2023-03-29,North,0
3435ef9f-309e-4573-bba1-721474a7ae11,32,Male,2022-12-01,North,1
5ac06a2d-a9d6-4bcf-944a-9f9bb02d8b1b,18,Female,2023-01-24,South,0
f00c05e2-45bf-498a-b591-96e1df557dc5,39,Male,2022-11-27,East,0
6e08e436-cace-45b6-ab35-da577dd5f1fa,19,Male,2022-07-21,South,0
69705907-7a3a-448a-8fdf-b8ba274c2419,72,Female,2022-08-13,North,1
6a502390-0d95-4c8e-b980-a3c94729ea1b,63,Female,2023-12-19,North,1
d9138997-2ef8-48da-92f0-fda91edd3263,37,Female,2023-06-18,South,0
d801659e-4c47-4a50-ac8e-d35a54e34f07,64,Female,2024-03-03,West,1
f5fb1584-845a-4637-bd7c-1c898c83faef,29,Female,2023-11-20,South,0
c40473aa-b8d0-41ce-9b4c-46f600663edc,42,Female,2024-05-21,East,0
5f1a2cbf-2164-4a4c-a44c-e187d03fdd12,29,Male,2024-01-23,West,0
120b108a-7ed2-4cc0-ac73-6b98bd6001e3,29,Female,2022-04-14,South,0
cd798c80-9269-43ca-901c-e6e1d4036032,77,Female,2022-12-20,South,1
ccfcacb6-1e4e-4738-bab5-c2fbdb7ff207,65,Male,2024-01-25,South,1
015ba9cc-a47c-490d-8007-b659c20f8437,80,Female,2022-10-29,South,0
880759fb-0e9a-43c0-ac58-ff1ee3bd3285,70,Female,2023-04-24,West,0
a95c03ee-cd1f-4384-866f-78a70e8b5830,34,Male,2024-05-26,South,0
301dced1-8b9f-4ae6-94f9-68275aadef8e,40,Female,2023-08-28,North,0
9e021602-ee1e-437f-af94-d8598de95e94,21,Female,2023-11-21,West,1
bab236b7-083a-49f4-b9fe-371e1bfdc7c6,80,Male,2022-10-19,West,1
f76e0bd1-eb81-4a6d-a0d3-7a7e6bfdd30f,74,Female,2024-03-12,East,1
5cc5a7f2-0806-427e-8ada-4eafcc7156d1,24,Female,2021-08-07,South,0
24cb0250-b14a-4efb-86e7-f4cfb8e3f618,46,Male,2022-05-29,North,1
1c5d040a-068d-44a4-8894-d05a844296a5,19,Female,2024-01-16,East,0
6850e85a-c570-4ff0-b257-ef8c687e4618,22,Female,2023-12-07,South,1
069458a5-ce4f-4c5e-a97e-045940f8d90b,28,Male,2022-06-01,North,1
8d6cbb6c-69db-4088-b781-cfeeacecfa7d,56,Female,2022-05-04,North,1
b91a1d78-da9f-4e91-9c9f-38d0178c3901,78,Male,2021-11-01,West,0
946dcd3a-d19e-4820-9c39-05dea7477727,21,Male,2022-06-11,East,0
c9aaa1a1-3a61-4eb0-b224-0e01c23b5bd3,80,Male,2023-12-13,West,1
f2ea657a-0b74-444e-af8d-444f5ac75133,60,Female,2023-07-11,East,0
a9fc033f-d421-41db-a268-3e6e71860470,24,Male,2021-08-14,West,1
9e082eab-a47f-4c07-aec4-c42796fa418f,27,Male,2023-10-12,East,0
7700ec02-c61c-42ca-ad0f-36e771a853d9,45,Male,2021-08-06,East,1
d0a4467d-4ed8-4b8f-acbb-cdfd132ff350,30,Male,2023-09-17,North,0
64b9eba6-fdfe-4553-8c2a-b3333be5112c,28,Female,2022-07-03,North,1
39285412-c3fc-4447-885d-d8b68a735c48,72,Male,2022-12-30,East,1
41736e54-a449-4f61-9487-d8cec71d4e35,48,Female,2022-08-15,East,0
55bc3b03-d4f1-4987-9c69-5c3792c8cf8a,59,Female,2021-06-20,South,1
dd3fed02-77bb-458e-993f-b16c6510d4d3,74,Female,2024-05-09,East,0
ac1a14ef-0396-4458-b4b5-2401c06d80ec,46,Male,2023-04-23,East,1
7e23073f-990f-4004-ab80-a33fad28ef81,47,Female,2023-12-17,South,1
d25b5aa9-bbbe-4e86-9540-4075649c549d,54,Male,2021-07-05,South,0
e0be04c4-a7d0-4c22-9773-aa3bd3c2b367,23,Female,2022-02-15,West,0
02c1cc58-c0cf-491a-9825-613641bb663f,53,Male,2024-06-02,West,1
485691d2-7b59-4438-9611-562a6be25030,79,Female,2022-01-04,South,1
f4a7266d-22d1-49f0-8c52-ceea68cf5f4d,37,Male,2021-11-24,West,0
9572a603-8733-4189-a110-83c570a1efbd,50,Male,2021-11-27,North,1
51bc2c11-041e-46f9-9485-4c189b6d32e8,29,Male,2023-10-02,South,0
5626aa34-6f34-4627-88a2-b11d4ef0430b,26,Male,2024-03-29,West,0
61bfb9c9-0e9c-4557-9c32-dad4918b961a,61,Female,2023-07-14,South,0
04da8cbf-3fed-498a-b08e-ebb368ce6152,71,Female,2024-05-12,East,0
e2c8eea2-ff79-4658-b0fc-3f5df28c163e,23,Female,2023-02-01,West,1
ff94a5fb-9c20-4db3-9cf9-2a35a592a578,72,Female,2021-07-15,West,0
ad0f2b99-1638-493d-b08f-249eec5702ef,68,Female,2023-05-29,North,1
a592b00f-5ad3-4681-bd71-2bc6ca444edd,27,Male,2022-07-11,North,0
03602fc0-2fa7-441c-9085-4b33849f2669,54,Male,2022-12-09,East,1
cb2a7f87-5c44-41fd-b7e2-54338ed7139f,74,Female,2024-03-29,East,1
a2f7f83b-d4d5-438c-9e4c-69a5b222b489,59,Female,2022-04-12,West,0
407c9da3-b228-4ba1-9797-2859d7a6aaaa,29,Female,2022-04-08,West,0
872c7df1-2aa7-44d7-aca8-8b28cfdc8d02,57,Female,2022-11-10,North,1
716ecbf7-117c-4918-a084-7728d607ffbb,74,Female,2022-01-06,South,0
a86dc199-8d58-4c68-881a-677a857e906d,65,Female,2024-02-18,East,1
aaf61e8b-e411-4bef-959b-120ddf3d8191,19,Female,2022-07-28,East,1
990f6cfa-99fd-4703-82e9-d145d5cf9f8a,35,Female,2021-10-08,North,0
e23291ec-fb58-485d-b127-1e4f8a244f20,26,Female,2022-03-24,West,1
8b4991b5-95b8-4350-8ea6-2c62c4c895fa,35,Female,2022-03-19,North,0
47d2cc18-bad2-41da-a8f8-b811c6088cd3,46,Male,2021-11-30,West,1
bd1f7ae0-e179-4f9d-b966-c3b9bc99e0f6,66,Female,2022-05-05,North,0
828db449-58e4-4fa5-889f-dd052d65f486,22,Female,2022-11-06,West,0
521bfefa-7ae7-4d8f-ae54-d1f7e5391b1c,67,Male,2021-11-11,South,0
5cfb71d2-31ce-4131-b630-772752898176,74,Male,2023-03-05,North,0
3ce5e6e5-3e95-4719-a84c-083bb8ce01b1,20,Female,2023-05-14,North,1
02056827-8518-4675-8287-d717b2c0cd1a,63,Male,2022-11-17,East,1
be4242eb-34cd-44ec-81a0-d6894a2c33be,70,Female,2021-08-11,West,0
15069a4a-2cde-40c8-9de0-9abbe635147c,61,Male,2023-08-08,South,1
b15abf1a-90bc-4889-ad0d-9b92d8b6b0a0,49,Female,2022-03-07,South,1
02ce4159-0a3f-4299-a3a9-34da0780d80b,55,Female,2021-09-16,East,0
797903b2-6aa0-46cc-ad13-86362b6de0f4,71,Female,2022-08-11,North,1
52b290e4-c763-428b-a9f7-696a9a9d2594,19,Female,2022-12-20,North,0
20b930c5-8404-4939-b2ee-5465fd6f96ab,72,Male,2023-08-29,South,0
cc174b2a-8a58-47f6-ae7d-ad07042f8aa8,61,Male,2023-06-08,East,1
6b4c76db-a4a8-497f-a61d-43e9c3ff2614,50,Male,2024-01-21,North,1
3e5b2699-7b5b-486d-b891-2971b3d48200,76,Male,2023-08-23,South,0
570de9ea-8b9c-4644-aba2-f8e0244dd831,32,Female,2024-03-05,East,1
04b9bf14-b97e-4d4d-9dde-bf1a2dc3e1b3,45,Female,2024-04-04,East,1
219e5cd6-2261-485d-adb4-70fbe1a6b647,34,Male,2024-01-10,West,1
64a4fa42-5cb0-402b-a850-014d31219145,61,Female,2023-08-15,North,0
44e6efec-3d92-470f-b672-6cdfe3535508,50,Female,2022-06-16,East,1
22c0e083-8c25-4132-bb2d-eb710b15884e,61,Male,2022-03-21,West,0
f2360e76-3d78-4565-a789-7f6ccbeb7b1d,39,Female,2024-04-03,East,1
2caf500f-a255-4d0a-85e1-7ae176023949,34,Female,2023-12-28,South,0
07069482-bd39-4f16-9baa-fc14879092d2,51,Male,2023-10-13,North,1
68964dbb-b58a-4b2e-8fc1-889d010c416a,60,Female,2022-05-09,South,0
f2d34b32-c17c-420c-9242-22be3a840dfa,59,Female,2022-07-24,East,1
5452b3cc-e401-4941-9f1e-18cd1801e89f,76,Female,2024-01-14,West,1
7a90ff27-182c-4bef-93f9-d1776a996db6,65,Male,2022-06-16,South,1
f8e0bc7b-48d0-4ae3-a22d-8eff4f47c585,64,Male,2022-10-08,West,1
bad50f86-f5f4-4b43-ad77-5e2bd5600358,50,Female,2022-06-08,South,0
c5c8068e-2c36-4ca6-9451-2d52d378cf72,36,Male,2021-11-17,West,0
7203d8f3-bf8f-40d1-b8f5-c9cafe563786,65,Female,2021-08-17,South,1
c03b3d05-513d-4f84-ad9c-d567630c1c73,59,Male,2024-05-01,South,1
b2b6f83e-89fb-4820-916b-bbb8025265a4,32,Female,2024-04-03,West,1
4e59ba55-98ae-45e8-b6ef-20952905d372,41,Female,2023-11-20,East,1
d175882e-0148-4862-9c06-144eaf15a46f,72,Male,2024-06-03,West,0
2c4c38d0-d4b3-46ff-9fb4-1950a7cf800d,73,Male,2022-08-03,West,0
6f451bd5-6bdd-4953-841e-c1451fdc9bd3,50,Male,2023-06-15,West,1
3df43220-0f1b-472b-8573-4262a0ac79bf,44,Male,2021-09-28,South,0
0fa64855-ed63-4691-ad18-085a1bc8b4e3,30,Female,2024-05-10,West,1
2d851b8b-469e-4bdb-b5e7-6c7d03f4671f,27,Female,2022-11-04,South,0
4dcf01ef-ae80-4c82-967b-ef1fbdd8514b,49,Female,2023-02-13,South,1
890fddc2-7857-40a9-aeb0-49556d89467f,58,Male,2022-01-19,North,1
b539df4f-94e4-40ee-90cb-288780b7ba85,35,Male,2023-01-30,South,0
ce543d06-256b-486a-8122-33777688ed99,49,Male,2022-05-21,South,1
220503a5-2658-4504-a0d5-e6426d46fc67,58,Female,2023-04-13,West,1
fca22fa0-4675-40bb-9462-29c3709a6d4f,79,Female,2024-05-17,West,0
0d259eeb-7565-43e1-87fd-de8f3b823cd4,20,Male,2023-03-08,East,0
07f26c9b-680d-4a46-807c-2325a9423e45,75,Female,2023-04-26,South,0
473d55a4-4b24-4cf8-90b5-04a89a96a7fb,61,Male,2023-04-19,South,0
5ab7e13d-d060-4137-aa7a-6a556f388777,62,Female,2022-06-08,East,0
37dd9f52-f903-437e-8d50-43c316258827,24,Female,2022-12-24,East,0
b1218fd4-8563-4a07-9f60-8d3e71d40831,22,Male,2022-12-27,East,1
2554d41c-bec4-4c29-abe3-b239df275f59,47,Female,2024-04-20,West,0
88c8fadb-85d3-46c0-9f95-fc6622dae2c6,39,Female,2021-08-03,East,0
bcbe913c-5c64-4f3a-b36c-a19d1153163d,28,Female,2023-03-18,North,0
c7541c2c-90ad-46f6-991f-62fc57c03140,32,Male,2022-06-23,South,0
a2a1e9d0-84c6-45bd-8966-5d9ff255ae1c,55,Male,2023-01-19,North,1
b07135a3-9c7f-4cc9-9ccb-bc55b43c13cd,63,Male,2022-12-22,West,1
9f8e2b10-2268-4dce-9f3d-a72ccf6ad4bc,67,Male,2021-06-15,North,0
c206c513-59d1-431a-ba1b-844e8bb77a7f,59,Male,2023-07-15,North,0
6d73b144-16ac-4e32-acd4-c9fbd3067aa3,44,Female,2023-02-03,West,0
2ef50e6a-693b-42d9-b560-3ebd9352c98a,53,Female,2022-05-11,West,0
43a13f7d-a0b6-40b8-bb79-d55dd3623657,31,Male,2021-08-12,East,1
76b26bc7-1942-41b7-a862-7298373037a7,60,Male,2021-09-04,East,0
d01490e7-ce6d-4d34-85f7-1abb90d5ffd8,44,Male,2023-08-08,North,1
c6b4c078-bffd-4416-918b-d07e45075c39,25,Male,2023-07-08,West,0
4ec0762e-80a3-4565-92b4-0f43bb415aef,56,Male,2023-06-24,East,0
8edf4f7f-7ccc-4e6f-bf5f-42cc284646ef,40,Female,2024-02-20,East,0
fe33b07b-35eb-4eaa-b514-35c6766f9ff0,20,Female,2022-05-20,South,1
00604321-dad4-4b45-95c9-2e597a338a18,39,Male,2023-07-30,North,0
474b81be-a2b8-4b4e-9aca-ce37a3ea0618,60,Male,2023-06-13,North,1
e9b628bf-1db0-468f-a9b3-56fdb8d0d435,27,Male,2021-10-16,North,0
50e61742-b1d4-4eca-9be7-8fc47843b73f,75,Female,2022-11-26,South,1
66ee03d1-04ae-46c5-9fe8-301f71afcf85,80,Female,2022-01-19,East,1
b7140b5c-450f-4476-9348-b330cd35db0c,21,Male,2024-02-17,South,0
c75a6ec1-548f-4535-a606-d83e223ebf29,72,Female,2023-03-16,East,1
481acf2a-8a6d-4c90-ac22-0c987ee93dce,45,Male,2024-04-12,North,0
6a21aac0-599a-4522-a638-c5bd3e8a6dcd,18,Male,2023-01-07,South,1
18743117-66fe-4abb-a035-5e20807c9ee3,40,Female,2022-03-10,East,0
d0f446c1-62a4-45dd-b50f-116a8b0a4cd8,41,Female,2024-01-14,South,0
c81dbf48-ac1a-4098-866f-7f2d7eaaa8c6,43,Female,2023-11-12,West,1
263ead22-4afb-481a-9ba7-a38cb38f19bf,71,Female,2022-09-03,West,1
a4fe70be-f124-49a3-a319-7dda48ff351c,59,Male,2022-07-02,North,0
ce2b49ec-86e3-45b2-adc1-c0080514528a,62,Male,2021-09-15,South,0
7b019fd6-cd5a-44f3-9f12-860677de82d2,44,Female,2024-01-09,West,0
7f2fac2f-1366-4e3a-9373-7b3d35de0392,57,Female,2023-08-03,East,0
81528400-422d-4e3a-b72d-6cb25a741d64,73,Male,2021-08-30,West,1
5bf1255c-f20b-427a-8d19-c08c83d55472,25,Female,2024-03-19,West,0
f5c662ba-8be5-444d-b9a3-eaf14678063b,22,Female,2022-11-15,East,0
57bc0ce4-fb60-4d48-950b-ef0332859b0a,63,Male,2022-08-05,East,0
96e77ad1-50b4-4119-bb4f-4abf9f78d2f1,45,Male,2023-11-22,West,1
da6a5df1-44f3-4307-825e-a1a4e16bff80,60,Female,2021-06-16,South,0
08c64f34-4255-41dc-a203-838adb364269,18,Male,2022-12-12,West,1
41453141-b847-4c66-9544-10409a5e92f6,73,Male,2021-12-15,North,1
3c4869b2-4dda-4cac-9b34-c906dbdfe564,38,Male,2023-12-04,East,1
